{"__type__":"dragonBones.DragonBonesAsset","_name":"openAniSkeleton","_dragonBonesJson":"{\"armature\":[{\"skin\":[{\"name\":\"default\",\"slot\":[{\"name\":\"logo\",\"z\":0,\"display\":[{\"transform\":{\"x\":-74.05,\"y\":-65.35,\"pX\":44.15,\"pY\":38.75},\"name\":\"logo\",\"type\":\"image\"}],\"parent\":\"logo\"},{\"name\":\"guangdian\",\"z\":1,\"display\":[{\"transform\":{\"x\":-50.95,\"y\":-55.8,\"pX\":-5.75,\"pY\":-11.8},\"name\":\"guangdian\",\"type\":\"image\"}],\"parent\":\"guangdian\"},{\"name\":\"qi\",\"z\":2,\"display\":[{\"transform\":{\"x\":-40.3,\"y\":-39.5,\"pX\":20.15,\"pY\":19.75},\"name\":\"qi\",\"type\":\"image\"}],\"parent\":\"qi\"},{\"name\":\"yi\",\"z\":3,\"display\":[{\"transform\":{\"x\":-44.5,\"y\":-39.1,\"pX\":22.3,\"pY\":19.6},\"name\":\"yi\",\"type\":\"image\"}],\"parent\":\"yi\"},{\"name\":\"mo\",\"z\":4,\"display\":[{\"transform\":{\"x\":-49.35,\"y\":-39.65,\"pX\":24.65,\"pY\":19.85},\"name\":\"mo\",\"type\":\"image\"}],\"parent\":\"mo\"},{\"name\":\"fang\",\"z\":5,\"display\":[{\"transform\":{\"x\":-48.65,\"y\":-39.85,\"pX\":24.3,\"pY\":19.95},\"name\":\"fang\",\"type\":\"image\"}],\"parent\":\"fang\"},{\"name\":\"yingwen\",\"z\":6,\"display\":[{\"transform\":{\"x\":-160.4,\"y\":-19.7,\"pX\":80.2,\"pY\":9.85},\"name\":\"yingwen\",\"type\":\"image\"}],\"parent\":\"yingwen\"}]}],\"name\":\"benti\",\"bone\":[{\"transform\":{\"scX\":0.09,\"x\":-308.9,\"scY\":0.09,\"y\":88.7},\"name\":\"logo\"},{\"transform\":{\"scX\":0.16,\"x\":-427.55,\"scY\":0.16,\"y\":-36.25},\"name\":\"guangdian\"},{\"transform\":{\"scX\":0.8,\"x\":-104.45,\"scY\":0.8,\"y\":-693.8},\"name\":\"qi\"},{\"transform\":{\"scX\":0.8,\"x\":-13.95,\"scY\":0.8,\"y\":-689.2},\"name\":\"yi\"},{\"transform\":{\"scX\":0.8,\"x\":85.9,\"scY\":0.8,\"y\":-693.95},\"name\":\"mo\"},{\"transform\":{\"scX\":0.8,\"x\":203.9,\"scY\":0.8,\"y\":-684.2},\"name\":\"fang\"},{\"transform\":{\"scX\":0.8,\"x\":34.15,\"scY\":0.8,\"y\":98.1},\"name\":\"yingwen\"}],\"animation\":[{\"fadeInTime\":0.3,\"timeline\":[{\"name\":\"logo\",\"frame\":[{\"z\":0,\"transform\":{\"scX\":0.09,\"x\":-308.9,\"scY\":0.09,\"y\":88.7},\"duration\":3,\"tweenEasing\":0},{\"z\":0,\"transform\":{\"scX\":0.81,\"x\":-308.8,\"scY\":0.81,\"y\":141.6,\"pX\":-0.5,\"pY\":-103.5},\"duration\":3,\"tweenEasing\":0},{\"z\":0,\"transform\":{\"scX\":0.81,\"x\":-308.8,\"scY\":1.05,\"y\":141.8,\"pX\":-0.5,\"pY\":-103.5},\"duration\":3,\"tweenEasing\":0},{\"transform\":{\"scX\":0.81,\"x\":-308.8,\"scY\":0.55,\"y\":141.25,\"pX\":-0.5,\"pY\":-102.1},\"z\":0,\"duration\":1},{\"transform\":{\"scX\":0.81,\"x\":-308.8,\"scY\":0.81,\"y\":141.6,\"pX\":-0.5,\"pY\":-103.5},\"z\":0,\"duration\":14},{\"z\":0,\"transform\":{\"scX\":0.81,\"x\":-308.8,\"scY\":0.81,\"y\":58,\"pX\":-0.5,\"pY\":0.3},\"duration\":3,\"tweenEasing\":0},{\"transform\":{\"x\":-311.25,\"y\":34.95,\"pX\":-0.55,\"pY\":-1.45},\"z\":0,\"duration\":21}]},{\"name\":\"guangdian\",\"frame\":[{\"duration\":27,\"displayIndex\":-1},{\"duration\":5,\"z\":1,\"transform\":{\"scX\":0.16,\"x\":-427.55,\"scY\":0.16,\"y\":-36.25},\"colorTransform\":{\"bM\":100,\"gO\":0,\"bO\":0,\"aM\":0,\"rM\":100,\"aO\":0,\"gM\":100,\"rO\":0},\"tweenEasing\":0},{\"duration\":1,\"z\":1,\"transform\":{\"scX\":0.35,\"x\":-311.25,\"scY\":0.35,\"y\":29.6,\"pX\":0.05,\"pY\":0.05},\"tweenRotate\":2,\"tweenEasing\":0},{\"duration\":4,\"z\":1,\"transform\":{\"scX\":0.35,\"x\":-311.25,\"scY\":0.35,\"y\":29.6,\"pX\":0.05,\"pY\":0.05},\"tweenRotate\":2,\"tweenEasing\":0},{\"duration\":1,\"z\":1,\"transform\":{\"scX\":0.65,\"x\":-311.3,\"scY\":0.65,\"y\":29.55,\"pX\":-0.1,\"pY\":0.15,\"skX\":-88.47,\"skY\":-88.47},\"tweenRotate\":2,\"tweenEasing\":0},{\"z\":1,\"transform\":{\"scX\":0.57,\"x\":-311.35,\"scY\":0.57,\"y\":29.6,\"pY\":0.1,\"skX\":91.04,\"skY\":91.04},\"duration\":3,\"tweenEasing\":0},{\"z\":1,\"transform\":{\"scX\":0.35,\"x\":-311.25,\"scY\":0.35,\"y\":29.65,\"pY\":0.05,\"skX\":-89.88,\"skY\":-89.88},\"duration\":1,\"tweenEasing\":0},{\"z\":1,\"transform\":{\"scX\":0.35,\"x\":-311.25,\"scY\":0.35,\"y\":29.6,\"pX\":0.05,\"pY\":0.05},\"duration\":5,\"tweenEasing\":0},{\"transform\":{\"scX\":0.16,\"x\":-194.55,\"scY\":0.16,\"y\":-36.25},\"colorTransform\":{\"bM\":100,\"gO\":0,\"bO\":0,\"aM\":0,\"rM\":100,\"aO\":0,\"gM\":100,\"rO\":0},\"z\":1,\"tweenRotate\":5,\"duration\":1,\"tweenEasing\":0}]},{\"name\":\"qi\",\"frame\":[{\"z\":2,\"transform\":{\"scX\":0.8,\"x\":-104.45,\"scY\":0.8,\"y\":-693.8},\"duration\":4,\"tweenEasing\":0},{\"z\":2,\"transform\":{\"scX\":0.8,\"x\":-104.8,\"scY\":0.58,\"y\":86.8,\"pX\":0.55,\"pY\":-60.8},\"duration\":3,\"tweenEasing\":0},{\"z\":2,\"transform\":{\"scX\":0.8,\"x\":-104.5,\"scY\":0.91,\"y\":-43.65,\"pY\":-59.25},\"duration\":3,\"tweenEasing\":0},{\"transform\":{\"scX\":0.8,\"x\":-103.45,\"scY\":0.65,\"y\":86.8,\"pX\":-1.25,\"pY\":-58.5},\"z\":2,\"duration\":1},{\"transform\":{\"scX\":0.8,\"x\":-102.45,\"scY\":0.8,\"y\":63.8,\"pY\":-59.25},\"z\":2,\"duration\":13},{\"z\":2,\"transform\":{\"scX\":0.8,\"x\":-102.45,\"scY\":0.8,\"y\":16.4},\"duration\":3,\"tweenEasing\":0},{\"transform\":{\"x\":-105.85,\"y\":6.55,\"pX\":0.05},\"z\":2,\"duration\":21}]},{\"name\":\"yi\",\"frame\":[{\"duration\":3,\"displayIndex\":-1},{\"z\":3,\"transform\":{\"scX\":0.8,\"x\":-13.95,\"scY\":0.8,\"y\":-689.2},\"duration\":4,\"tweenEasing\":0},{\"z\":3,\"transform\":{\"scX\":0.8,\"x\":-14.35,\"scY\":0.54,\"y\":86.8,\"pX\":0.6,\"pY\":-61.8},\"duration\":3,\"tweenEasing\":0},{\"z\":3,\"transform\":{\"scX\":0.8,\"x\":-13.95,\"scY\":0.86,\"y\":-6.75,\"pY\":-58.8},\"duration\":3,\"tweenEasing\":0},{\"transform\":{\"scX\":0.8,\"x\":-14.35,\"scY\":0.58,\"y\":86.8,\"pX\":0.6,\"pY\":-60.25},\"z\":3,\"duration\":1},{\"transform\":{\"scX\":0.8,\"x\":-12.45,\"scY\":0.8,\"y\":64.75,\"pX\":-1.9,\"pY\":-59.8},\"z\":3,\"duration\":10},{\"z\":3,\"transform\":{\"scX\":0.8,\"x\":-13.95,\"scY\":0.8,\"y\":16.95,\"pY\":-0.05},\"duration\":3,\"tweenEasing\":0},{\"transform\":{\"x\":7.3,\"y\":7.35,\"pX\":-0.1,\"pY\":-0.05},\"z\":3,\"duration\":21}]},{\"name\":\"mo\",\"frame\":[{\"duration\":6,\"displayIndex\":-1},{\"z\":4,\"transform\":{\"scX\":0.8,\"x\":85.9,\"scY\":0.8,\"y\":-693.95},\"duration\":4,\"tweenEasing\":0},{\"z\":4,\"transform\":{\"scX\":0.8,\"x\":85.9,\"scY\":0.48,\"y\":84.25,\"pX\":-0.05,\"pY\":-59.65},\"duration\":3,\"tweenEasing\":0},{\"z\":4,\"transform\":{\"scX\":0.8,\"x\":85.9,\"scY\":0.94,\"y\":-58,\"pY\":-59.6},\"duration\":3,\"tweenEasing\":0},{\"transform\":{\"scX\":0.8,\"x\":86.8,\"scY\":0.55,\"y\":86.8,\"pX\":-1.15,\"pY\":-61.9},\"z\":4,\"duration\":1},{\"transform\":{\"scX\":0.8,\"x\":85.9,\"scY\":0.8,\"y\":64.75,\"pY\":-60.75},\"z\":4,\"duration\":7},{\"z\":4,\"transform\":{\"scX\":0.8,\"x\":85.9,\"scY\":0.8,\"y\":16.2,\"pY\":-0.05},\"duration\":3,\"tweenEasing\":0},{\"transform\":{\"x\":143.35,\"y\":6.4,\"pY\":-0.05},\"z\":4,\"duration\":21}]},{\"name\":\"fang\",\"frame\":[{\"duration\":9,\"displayIndex\":-1},{\"z\":5,\"transform\":{\"scX\":0.8,\"x\":203.9,\"scY\":0.8,\"y\":-684.2},\"duration\":4,\"tweenEasing\":0},{\"z\":5,\"transform\":{\"scX\":0.8,\"x\":186.85,\"scY\":0.51,\"y\":86.8,\"pX\":-0.5,\"pY\":-63.55},\"duration\":3,\"tweenEasing\":0},{\"z\":5,\"transform\":{\"scX\":0.8,\"x\":186.4,\"scY\":0.96,\"y\":-48.5,\"pX\":0.05,\"pY\":-59.75},\"duration\":3,\"tweenEasing\":0},{\"transform\":{\"scX\":0.8,\"x\":186.35,\"scY\":0.58,\"y\":86.8,\"pX\":0.1,\"pY\":-60.8},\"z\":5,\"duration\":1},{\"transform\":{\"scX\":0.8,\"x\":185.35,\"scY\":0.8,\"y\":64.75,\"pX\":1.35,\"pY\":-61.05},\"z\":5,\"duration\":4},{\"z\":5,\"transform\":{\"scX\":0.8,\"x\":186.4,\"scY\":0.8,\"y\":15.95,\"pX\":0.05,\"pY\":-0.05},\"duration\":3,\"tweenEasing\":0},{\"transform\":{\"x\":274.45,\"y\":6,\"pX\":0.1},\"z\":5,\"duration\":21}]},{\"name\":\"yingwen\",\"frame\":[{\"duration\":13,\"displayIndex\":-1},{\"duration\":10,\"z\":6,\"transform\":{\"scX\":0.8,\"x\":34.15,\"scY\":0.8,\"y\":98.1},\"colorTransform\":{\"bM\":100,\"gO\":0,\"bO\":0,\"aM\":0,\"rM\":100,\"aO\":0,\"gM\":100,\"rO\":0},\"tweenEasing\":0},{\"transform\":{\"scX\":0.8,\"x\":34.15,\"scY\":0.8,\"y\":98.1},\"z\":6,\"duration\":1},{\"z\":6,\"transform\":{\"scX\":0.8,\"x\":34.15,\"scY\":0.8,\"y\":98.1},\"duration\":3,\"tweenEasing\":0},{\"transform\":{\"x\":68.85,\"y\":105.9,\"pY\":0.05},\"z\":6,\"duration\":21}]}],\"autoTween\":1,\"name\":\"kaichang\",\"duration\":48,\"tweenEasing\":null}]}],\"name\":\"kaichang\",\"frameRate\":24,\"version\":\"2.3\"}"}