[{"__type__":"cc.Prefab","_name":"topFrameTouchLayer","data":{"__id__":1},"asyncLoadAssets":false},{"__type__":"cc.Node","_name":"topFrameTouchLayer","_components":[{"__type__":"cc.Widget","node":{"__id__":1},"_alignFlags":45},{"__type__":"3dc5chkmsNA+IPUkGELWi8i","node":{"__id__":1},"topFrameWebLayerPrefab":{"__uuid__":"cadadd6c-68af-4d6a-a656-cfa9e4ae61d1"}}],"_prefab":{"__type__":"cc.PrefabInfo","root":{"__id__":1},"fileId":"56ddckur4VP0pfVLnXA92gz"},"_contentSize":{"__type__":"cc.Size","width":1600,"height":900},"_position":{"__type__":"cc.Vec2","x":800,"y":450}}]