[{"__type__":"cc.SpriteFrame","content":{"name":"pay-title","texture":"6ce80e53-b097-449b-a246-c94426b32f26","rect":[309,142,499,129],"offset":[-2,2],"originalSize":[505,135]}},{"__type__":"cc.SpriteFrame","content":{"name":"pay-outBg","texture":"6ce80e53-b097-449b-a246-c94426b32f26","rect":[321,835,210,208],"offset":[0,-1],"originalSize":[210,210],"capInsets":[85,70,60,60]}},{"__type__":"cc.SpriteFrame","content":{"name":"pay-buyBtn","texture":"6ce80e53-b097-449b-a246-c94426b32f26","rect":[759,852,160,100],"offset":[0,0],"originalSize":[160,100],"rotated":1}},{"__type__":"cc.SpriteFrame","content":{"name":"pay-left","texture":"6ce80e53-b097-449b-a246-c94426b32f26","rect":[554,1173,64,56],"offset":[-1,0],"originalSize":[76,88]}},{"__type__":"cc.SpriteFrame","content":{"name":"pay-h_diamond6","texture":"6ce80e53-b097-449b-a246-c94426b32f26","rect":[453,405,236,210],"offset":[0,0],"originalSize":[236,210]}},{"__type__":"cc.SpriteFrame","content":{"name":"pay-right","texture":"6ce80e53-b097-449b-a246-c94426b32f26","rect":[822,2,76,88],"offset":[0,0],"originalSize":[76,88]}},{"__type__":"cc.SpriteFrame","content":{"name":"pay-h_diamond2","texture":"6ce80e53-b097-449b-a246-c94426b32f26","rect":[321,1045,231,164],"offset":[0,0],"originalSize":[231,164]}},{"__type__":"cc.SpriteFrame","content":{"name":"pay-h_diamond5","texture":"6ce80e53-b097-449b-a246-c94426b32f26","rect":[533,852,224,189],"offset":[0,0],"originalSize":[224,189]}},{"__type__":"cc.SpriteFrame","content":{"name":"waitBg","texture":"6ce80e53-b097-449b-a246-c94426b32f26","rect":[242,491,661,77],"offset":[0,1],"originalSize":[661,79],"rotated":1}},{"__type__":"cc.SpriteFrame","content":{"name":"pay-zhanshi","texture":"6ce80e53-b097-449b-a246-c94426b32f26","rect":[299,1211,39,35],"offset":[0,0],"originalSize":[39,35]}},{"__type__":"cc.SpriteFrame","content":{"name":"pay-diamond2","texture":"6ce80e53-b097-449b-a246-c94426b32f26","rect":[778,1014,92,94],"offset":[0,0],"originalSize":[92,94]}},{"__type__":"cc.SpriteFrame","content":{"name":"pay-inBG","texture":"6ce80e53-b097-449b-a246-c94426b32f26","rect":[682,640,210,210],"offset":[0,0],"originalSize":[210,210],"capInsets":[59,85,70,74]}},{"__type__":"cc.SpriteFrame","content":{"name":"pay-diamond4","texture":"6ce80e53-b097-449b-a246-c94426b32f26","rect":[203,1154,92,94],"offset":[0,0],"originalSize":[92,94],"rotated":1}},{"__type__":"cc.SpriteFrame","content":{"name":"pay-diamond6","texture":"6ce80e53-b097-449b-a246-c94426b32f26","rect":[778,1110,92,94],"offset":[0,0],"originalSize":[92,94]}},{"__type__":"cc.SpriteFrame","content":{"name":"pay-diamond5","texture":"6ce80e53-b097-449b-a246-c94426b32f26","rect":[684,1139,92,94],"offset":[0,0],"originalSize":[92,94]}},{"__type__":"cc.SpriteAtlas","_name":"framework.plist","_spriteFrames":{"pay-bar":{"__uuid__":"bf21d528-1d86-4d61-a4c5-9cd1d9edd0c4"},"pay-btn":{"__uuid__":"c4753e4f-d48f-40f6-be11-799fa0fc1e73"},"pay-buyBtn":{"__uuid__":"363fca96-7563-481e-9c59-145df11c4866"},"pay-closeBtn":{"__uuid__":"ea4ff0e7-bdf8-4a36-89b7-cbe3cc633af1"},"pay-diamond1":{"__uuid__":"f1e19e53-2fce-48b3-b449-0701ecc81fba"},"pay-diamond2":{"__uuid__":"8b48329b-0961-4255-a0ba-d3d2df740bb3"},"pay-diamond3":{"__uuid__":"e7b1fd1b-a358-4e99-8516-8ba7290ef979"},"pay-diamond4":{"__uuid__":"94737ebd-8bb2-44b8-9a2f-5a413cc87317"},"pay-diamond5":{"__uuid__":"a8026c16-3c8e-48ac-ac85-09dca9ed8c9d"},"pay-diamond6":{"__uuid__":"a0d9ace0-4c3c-447f-bc2d-c581990d35e1"},"pay-freeGet":{"__uuid__":"be7f210c-f133-4ce2-8f74-827ac903684f"},"pay-h_diamond1":{"__uuid__":"e6ca3869-ec73-4c65-9470-76efa497c575"},"pay-h_diamond2":{"__uuid__":"571bbf84-c81d-4e59-b25a-9ceeaf16a821"},"pay-h_diamond3":{"__uuid__":"e00d1077-ee9e-4bc5-b340-c792f2f8f986"},"pay-h_diamond4":{"__uuid__":"ce8197cd-6bc2-48bf-a3ba-3322eefc4a1b"},"pay-h_diamond5":{"__uuid__":"6dd6fb68-bf73-4b0d-9a81-1fbcc5a32431"},"pay-h_diamond6":{"__uuid__":"3d493b78-530f-42de-9ce7-91fd8fb075f0"},"pay-h_diamond_bg":{"__uuid__":"d6f351c7-c072-4df3-bb10-f4b7322624e2"},"pay-h_title":{"__uuid__":"c73aad04-c7cd-433e-b0f1-1ef4245a8bcb"},"pay-inBG":{"__uuid__":"943af156-a105-46f7-bd76-fb3a24c7cdb3"},"pay-left":{"__uuid__":"3c0d9340-21a4-4a55-ad3a-93a9a86d39b8"},"pay-outBg":{"__uuid__":"2df8e5ae-b703-4e4f-b218-8c7d8f8becce"},"pay-refresh":{"__uuid__":"cc2c067c-8d90-4b6e-9395-b53fbc1fa195"},"pay-right":{"__uuid__":"4ddc2e0e-4099-46c6-a340-8223ca161d42"},"pay-round":{"__uuid__":"e2d036f7-1bd0-4e4c-a105-63407101b2ab"},"pay-selectBg":{"__uuid__":"dcddd012-0d6e-419a-8cb8-74d8993c6552"},"pay-title":{"__uuid__":"1cb4d934-92b2-4827-84fb-05069d21b473"},"pay-zhanshi":{"__uuid__":"77253d9d-9a8c-48db-9254-d04c752ddf46"},"toastBG":{"__uuid__":"b4edf5c5-f42b-46a1-bca8-e9441cff125d"},"wait":{"__uuid__":"bae9e742-8ba7-4362-90c1-8fa75efe4d00"},"waitBg":{"__uuid__":"711ff902-bc9b-41d5-9fb8-b18ea7224540"}}},{"__type__":"cc.SpriteFrame","content":{"name":"toastBG","texture":"6ce80e53-b097-449b-a246-c94426b32f26","rect":[2,491,688,103],"offset":[0,0],"originalSize":[688,103],"rotated":1,"capInsets":[137,17,158,13]}},{"__type__":"cc.SpriteFrame","content":{"name":"wait","texture":"6ce80e53-b097-449b-a246-c94426b32f26","rect":[620,1173,53,53],"offset":[0,0],"originalSize":[53,53]}},{"__type__":"cc.SpriteFrame","content":{"name":"pay-freeGet","texture":"6ce80e53-b097-449b-a246-c94426b32f26","rect":[309,273,404,130],"offset":[-4,2],"originalSize":[416,138]}},{"__type__":"cc.SpriteFrame","content":{"name":"pay-bar","texture":"6ce80e53-b097-449b-a246-c94426b32f26","rect":[2,1181,64,64],"offset":[0,0],"originalSize":[64,64],"capInsets":[26,30,26,27]}},{"__type__":"cc.SpriteFrame","content":{"name":"pay-btn","texture":"6ce80e53-b097-449b-a246-c94426b32f26","rect":[321,405,400,130],"offset":[0,1],"originalSize":[400,138],"rotated":1}},{"__type__":"cc.SpriteFrame","content":{"name":"pay-h_title","texture":"6ce80e53-b097-449b-a246-c94426b32f26","rect":[107,491,641,133],"offset":[-2,2],"originalSize":[649,141],"rotated":1}},{"__type__":"cc.SpriteFrame","content":{"name":"pay-refresh","texture":"6ce80e53-b097-449b-a246-c94426b32f26","rect":[810,171,75,77],"offset":[-1,0],"originalSize":[77,77]}},{"__type__":"cc.SpriteFrame","content":{"name":"pay-h_diamond4","texture":"6ce80e53-b097-449b-a246-c94426b32f26","rect":[453,617,216,227],"offset":[0,0],"originalSize":[216,227],"rotated":1}},{"__type__":"cc.SpriteFrame","content":{"name":"pay-h_diamond_bg","texture":"6ce80e53-b097-449b-a246-c94426b32f26","rect":[2,2,305,487],"offset":[0,0],"originalSize":[305,487]}},{"__type__":"cc.SpriteFrame","content":{"name":"pay-selectBg","texture":"6ce80e53-b097-449b-a246-c94426b32f26","rect":[309,2,511,138],"offset":[0,0],"originalSize":[511,138],"capInsets":[197,51,159,53]}},{"__type__":"cc.SpriteFrame","content":{"name":"pay-h_diamond3","texture":"6ce80e53-b097-449b-a246-c94426b32f26","rect":[691,472,207,166],"offset":[0,0],"originalSize":[207,166]}},{"__type__":"cc.SpriteFrame","content":{"name":"pay-round","texture":"6ce80e53-b097-449b-a246-c94426b32f26","rect":[554,1043,128,128],"offset":[0,0],"originalSize":[128,128]}},{"__type__":"cc.SpriteFrame","content":{"name":"pay-h_diamond1","texture":"6ce80e53-b097-449b-a246-c94426b32f26","rect":[715,273,197,183],"offset":[0,0],"originalSize":[197,183],"rotated":1}},{"__type__":"cc.SpriteFrame","content":{"name":"pay-diamond3","texture":"6ce80e53-b097-449b-a246-c94426b32f26","rect":[107,1134,92,94],"offset":[0,0],"originalSize":[92,94],"rotated":1}},{"__type__":"cc.SpriteFrame","content":{"name":"pay-closeBtn","texture":"6ce80e53-b097-449b-a246-c94426b32f26","rect":[822,92,75,77],"offset":[-1,0],"originalSize":[77,77]}},{"__type__":"cc.SpriteFrame","content":{"name":"pay-diamond1","texture":"6ce80e53-b097-449b-a246-c94426b32f26","rect":[684,1043,92,94],"offset":[0,0],"originalSize":[92,94]}}]