[{"__type__":"cc.SpriteFrame","content":{"name":"default_btn_disabled","texture":"71561142-4c83-4933-afca-cb7a17f67053","rect":[0,0,40,40],"offset":[0,0],"originalSize":[40,40],"capInsets":[15,7,15,9]}},{"__type__":"cc.SpriteFrame","content":{"name":"feedbackBtn","texture":"9df04129-e789-4b48-b37f-53d9ebd57edc","rect":[0,0,156,164],"offset":[-2,2],"originalSize":[160,168]}},{"__type__":"cc.SpriteFrame","content":{"name":"officalWebBtn","texture":"fe3c98f5-c322-4d22-ad0c-40a52933512a","rect":[0,0,126,174],"offset":[-2,1.5],"originalSize":[130,177]}},[{"__type__":"cc.Prefab","_name":"topFrameCornerUI","data":{"__id__":1},"asyncLoadAssets":false},{"__type__":"cc.Node","_name":"topFrameCornerUI","_children":[{"__id__":2},{"__id__":3}],"_components":[{"__type__":"cc.Widget","node":{"__id__":1},"_alignFlags":45,"_originalWidth":300,"_originalHeight":200},{"__type__":"34861DXwblLtqNfYJ62BVeq","node":{"__id__":1},"topFrameWebLayerPrefab":{"__uuid__":"cadadd6c-68af-4d6a-a656-cfa9e4ae61d1"}}],"_prefab":{"__type__":"cc.PrefabInfo","root":{"__id__":1},"fileId":"33076NF4TdCRoZ1AApMjca/"},"_contentSize":{"__type__":"cc.Size","width":1600,"height":900},"_position":{"__type__":"cc.Vec2","x":800,"y":450}},{"__type__":"cc.Node","_name":"officalWebBtn","_parent":{"__id__":1},"_components":[{"__type__":"cc.Sprite","node":{"__id__":2},"_spriteFrame":{"__uuid__":"966fbea0-570b-4986-a210-5fee7bafeed2"},"_sizeMode":2},{"__type__":"cc.Button","node":{"__id__":2},"transition":3,"pressedColor":{"__type__":"cc.Color","r":255,"g":255,"b":255},"pressedSprite":{"__uuid__":"e9ec654c-97a2-4787-9325-e6a10375219a"},"hoverSprite":{"__uuid__":"e9ec654c-97a2-4787-9325-e6a10375219a"},"_N$normalColor":{"__type__":"cc.Color","r":255,"g":255,"b":255},"_N$disabledColor":{"__type__":"cc.Color","r":255,"g":255,"b":255},"_N$normalSprite":{"__uuid__":"966fbea0-570b-4986-a210-5fee7bafeed2"},"_N$disabledSprite":{"__uuid__":"29158224-f8dd-4661-a796-1ffab537140e"},"_N$target":{"__id__":2}},{"__type__":"cc.Button","node":{"__id__":2},"_N$target":{"__id__":2}},{"__type__":"cc.Widget","node":{"__id__":2},"_alignFlags":9,"_left":10,"_top":10}],"_prefab":{"__type__":"cc.PrefabInfo","root":{"__id__":1},"fileId":"d9e15ZEdb9IdJLVYdZmUezf"},"_contentSize":{"__type__":"cc.Size","width":130,"height":177},"_position":{"__type__":"cc.Vec2","x":-725,"y":351.5}},{"__type__":"cc.Node","_name":"feedBackBtn","_parent":{"__id__":1},"_components":[{"__type__":"cc.Sprite","node":{"__id__":3},"_spriteFrame":{"__uuid__":"34ddf59d-b720-4403-87d9-48415dc54fec"},"_sizeMode":2},{"__type__":"cc.Button","node":{"__id__":3},"transition":3,"pressedColor":{"__type__":"cc.Color","r":255,"g":255,"b":255},"pressedSprite":{"__uuid__":"e9ec654c-97a2-4787-9325-e6a10375219a"},"hoverSprite":{"__uuid__":"e9ec654c-97a2-4787-9325-e6a10375219a"},"_N$normalColor":{"__type__":"cc.Color","r":255,"g":255,"b":255},"_N$disabledColor":{"__type__":"cc.Color","r":255,"g":255,"b":255},"_N$normalSprite":{"__uuid__":"966fbea0-570b-4986-a210-5fee7bafeed2"},"_N$disabledSprite":{"__uuid__":"29158224-f8dd-4661-a796-1ffab537140e"},"_N$target":{"__id__":3}},{"__type__":"cc.Button","node":{"__id__":3},"_N$target":{"__id__":3}},{"__type__":"cc.Widget","node":{"__id__":3},"_alignFlags":33,"_left":10,"_right":10,"_top":10}],"_prefab":{"__type__":"cc.PrefabInfo","root":{"__id__":1},"fileId":"630ccTsabVB+JkrKsBSmGoU"},"_contentSize":{"__type__":"cc.Size","width":160,"height":168},"_position":{"__type__":"cc.Vec2","x":710,"y":356}}],{"__type__":"cc.SpriteFrame","content":{"name":"default_btn_pressed","texture":"b43ff3c2-02bb-4874-81f7-f2dea6970f18","rect":[0,0,40,40],"offset":[0,0],"originalSize":[40,40],"capInsets":[11,11,11,7]}}]