[{"__type__":"cc.SpriteFrame","content":{"name":"default_panel","texture":"d81ec8ad-247c-4e62-aa3c-d35c4193c7af","rect":[0,0,20,20],"offset":[0,0],"originalSize":[20,20],"capInsets":[4,3,4,3]}},[{"__type__":"cc.Prefab","_name":"page","data":{"__id__":1},"asyncLoadAssets":false},{"__type__":"cc.Node","_name":"page","_components":[{"__type__":"cc.Sprite","node":{"__id__":1},"_spriteFrame":{"__uuid__":"9bbda31e-ad49-43c9-aaf2-f7d9896bac69"},"_type":1,"_sizeMode":0,"_dstBlendFactor":772},{"__type__":"cc.Layout","node":{"__id__":1},"_layoutSize":{"__type__":"cc.Size","width":880,"height":530},"_resize":2,"_N$layoutType":3,"_N$cellSize":{"__type__":"cc.Size","width":280,"height":170},"_N$spacingX":10,"_N$spacingY":10}],"_prefab":{"__type__":"cc.PrefabInfo","root":{"__id__":1},"asset":{"__id__":0},"fileId":"923besdtUpNzKfTbHGjKfD/"},"_color":{"__type__":"cc.Color"},"_contentSize":{"__type__":"cc.Size","width":880,"height":530},"_position":{"__type__":"cc.Vec2","x":440}}]]