{"__type__":"dragonBones.DragonBonesAtlasAsset","_name":"openAni","_atlasJson":"{\"imagePath\":\"openAni.png\",\"SubTexture\":[{\"name\":\"logo\",\"x\":0,\"width\":238,\"y\":61,\"height\":208},{\"name\":\"guangdian\",\"x\":388,\"width\":93,\"y\":181,\"height\":93},{\"name\":\"qi\",\"x\":388,\"width\":121,\"y\":61,\"height\":119},{\"name\":\"yi\",\"x\":0,\"width\":134,\"y\":270,\"height\":118},{\"name\":\"mo\",\"x\":239,\"width\":148,\"y\":61,\"height\":120},{\"name\":\"fang\",\"x\":239,\"width\":146,\"y\":182,\"height\":120},{\"name\":\"yingwen\",\"x\":0,\"width\":482,\"y\":0,\"height\":60}],\"name\":\"kaichang\"}","texture":{"__uuid__":"53869ff5-96b0-474e-8522-8b3601512fa7"}}