[{"__type__":"cc.SpriteFrame","content":{"name":"Single_LeftArrow","texture":"4b0ab123-0f64-4541-8f50-861165729956","rect":[0,0,72,88],"offset":[0,0],"originalSize":[72,88]}},{"__type__":"cc.SpriteFrame","content":{"name":"default_btn_disabled","texture":"71561142-4c83-4933-afca-cb7a17f67053","rect":[0,0,40,40],"offset":[0,0],"originalSize":[40,40],"capInsets":[15,7,15,9]}},{"__type__":"cc.SpriteFrame","content":{"name":"default_sprite","texture":"6e056173-d285-473c-b206-40a7fff5386e","rect":[0,2,40,36],"offset":[0,0],"originalSize":[40,40]}},[{"__type__":"cc.SceneAsset","_name":"selectGameScene","scene":{"__id__":1},"asyncLoadAssets":false},{"__type__":"cc.Scene","_name":"New Node","_children":[{"__id__":2}],"_anchorPoint":{"__type__":"cc.Vec2"},"autoReleaseAssets":false},{"__type__":"cc.Node","_name":"Canvas","_parent":{"__id__":1},"_children":[{"__id__":3},{"__id__":4},{"__id__":9},{"__id__":10},{"__id__":11}],"_components":[{"__type__":"cc.Canvas","node":{"__id__":2}}],"_id":"461006+Mb9O8ZBcNdbjHYj/","_contentSize":{"__type__":"cc.Size","width":960,"height":640},"_position":{"__type__":"cc.Vec2","x":480,"y":320}},{"__type__":"cc.Node","_name":"background","_parent":{"__id__":2},"_components":[{"__type__":"cc.Sprite","node":{"__id__":3},"_spriteFrame":{"__uuid__":"a23235d1-15db-4b95-8439-a2e005bfff91"},"_sizeMode":0},{"__type__":"cc.Widget","node":{"__id__":3},"_alignFlags":45,"_left":-1320,"_right":-1320,"_top":-1480,"_bottom":-1480,"_originalWidth":100,"_originalHeight":100}],"_color":{"__type__":"cc.Color","r":231,"g":236,"b":213},"_contentSize":{"__type__":"cc.Size","width":3600,"height":3600}},{"__type__":"cc.Node","_name":"pageview","_parent":{"__id__":2},"_children":[{"__id__":5},{"__id__":7}],"_components":[{"__id__":8},{"__type__":"cc.Widget","node":{"__id__":4},"_alignFlags":18,"_left":238,"_right":222,"_top":95,"_bottom":95,"_originalWidth":500,"_originalHeight":450},{"__type__":"271781QOpRJwaxLREQbi0Vm","node":{"__id__":4}}],"_contentSize":{"__type__":"cc.Size","width":880,"height":530}},{"__type__":"cc.Node","_name":"view","_parent":{"__id__":4},"_children":[{"__id__":6}],"_components":[{"__type__":"cc.Mask","node":{"__id__":5}},{"__type__":"cc.Widget","node":{"__id__":5},"_alignFlags":45,"_originalWidth":860,"_originalHeight":560}],"_contentSize":{"__type__":"cc.Size","width":880,"height":530}},{"__type__":"cc.Node","_name":"content","_parent":{"__id__":5},"_components":[{"__type__":"cc.Layout","node":{"__id__":6},"_layoutSize":{"__type__":"cc.Size","width":880,"height":530},"_resize":1,"_N$layoutType":1,"_N$spacingY":15},{"__type__":"cc.Widget","node":{"__id__":6},"_alignFlags":13,"_originalHeight":560}],"_anchorPoint":{"__type__":"cc.Vec2","y":0.5},"_contentSize":{"__type__":"cc.Size","width":880,"height":530},"_position":{"__type__":"cc.Vec2","x":-440}},{"__type__":"cc.Node","_name":"indicator","_parent":{"__id__":4},"_components":[{"__type__":"cc.PageViewIndicator","node":{"__id__":7},"_pageView":{"__id__":8},"spriteFrame":{"__uuid__":"c9fa51ff-3f01-4601-8f80-325d1b11dab7"},"cellSize":{"__type__":"cc.Size","width":10,"height":10},"spacing":10}],"_contentSize":{"__type__":"cc.Size","width":100,"height":27},"_position":{"__type__":"cc.Vec2","y":-209}},{"__type__":"cc.PageView","node":{"__id__":4},"content":{"__id__":6},"bounceDuration":0.5},{"__type__":"cc.Node","_name":"LeftPageBtn","_parent":{"__id__":2},"_components":[{"__type__":"cc.Sprite","node":{"__id__":9},"_spriteFrame":{"__uuid__":"1ef15a0d-2b85-432e-b302-ae9b242e049c"},"_type":1,"_sizeMode":0},{"__type__":"cc.Button","node":{"__id__":9},"transition":1,"pressedColor":{"__type__":"cc.Color","r":150,"g":150,"b":150},"hoverColor":{"__type__":"cc.Color","r":194,"g":190,"b":190},"pressedSprite":{"__uuid__":"e9ec654c-97a2-4787-9325-e6a10375219a"},"hoverSprite":{"__uuid__":"e9ec654c-97a2-4787-9325-e6a10375219a"},"_N$normalColor":{"__type__":"cc.Color","r":255,"g":255,"b":255},"_N$disabledColor":{"__type__":"cc.Color","r":255,"g":255,"b":255},"_N$normalSprite":{"__uuid__":"1ef15a0d-2b85-432e-b302-ae9b242e049c"},"_N$disabledSprite":{"__uuid__":"29158224-f8dd-4661-a796-1ffab537140e"},"_N$target":{"__id__":9}},{"__type__":"cc.Widget","node":{"__id__":9},"_alignFlags":8,"_left":5}],"_contentSize":{"__type__":"cc.Size","width":72,"height":135},"_position":{"__type__":"cc.Vec2","x":-439}},{"__type__":"cc.Node","_name":"RightPageBtn","_parent":{"__id__":2},"_components":[{"__type__":"cc.Sprite","node":{"__id__":10},"_spriteFrame":{"__uuid__":"1ef15a0d-2b85-432e-b302-ae9b242e049c"},"_type":1,"_sizeMode":0},{"__type__":"cc.Button","node":{"__id__":10},"transition":1,"pressedColor":{"__type__":"cc.Color","r":150,"g":150,"b":150},"hoverColor":{"__type__":"cc.Color","r":194,"g":190,"b":190},"pressedSprite":{"__uuid__":"e9ec654c-97a2-4787-9325-e6a10375219a"},"hoverSprite":{"__uuid__":"e9ec654c-97a2-4787-9325-e6a10375219a"},"_N$normalColor":{"__type__":"cc.Color","r":255,"g":255,"b":255},"_N$disabledColor":{"__type__":"cc.Color","r":255,"g":255,"b":255},"_N$normalSprite":{"__uuid__":"1ef15a0d-2b85-432e-b302-ae9b242e049c"},"_N$disabledSprite":{"__uuid__":"29158224-f8dd-4661-a796-1ffab537140e"},"_N$target":{"__id__":10}},{"__type__":"cc.Widget","node":{"__id__":10},"_alignFlags":32,"_left":5,"_right":5}],"_contentSize":{"__type__":"cc.Size","width":72,"height":135},"_rotationX":180,"_rotationY":180,"_position":{"__type__":"cc.Vec2","x":439}},{"__type__":"cc.Node","_name":"GameInfoView","_parent":{"__id__":2},"_children":[{"__id__":12},{"__id__":13},{"__id__":14}],"_active":false,"_components":[{"__type__":"cc.Sprite","node":{"__id__":11},"_spriteFrame":{"__uuid__":"a23235d1-15db-4b95-8439-a2e005bfff91"},"_sizeMode":0},{"__type__":"cc.Widget","node":{"__id__":11},"_alignFlags":45,"_originalWidth":100,"_originalHeight":100},{"__type__":"cc.Button","node":{"__id__":11},"_N$target":{"__id__":11}}],"_color":{"__type__":"cc.Color","r":231,"g":236,"b":213},"_contentSize":{"__type__":"cc.Size","width":960,"height":640}},{"__type__":"cc.Node","_name":"GameNameLabel","_parent":{"__id__":11},"_components":[{"__type__":"cc.Label","node":{"__id__":12},"_useOriginalSize":false,"_actualFontSize":60,"_fontSize":60,"_lineHeight":60,"_N$string":"","_N$horizontalAlign":1,"_N$verticalAlign":1},{"__type__":"cc.Widget","node":{"__id__":12},"_alignFlags":1,"_top":65}],"_color":{"__type__":"cc.Color","r":129,"g":126,"b":126},"_contentSize":{"__type__":"cc.Size","height":60},"_position":{"__type__":"cc.Vec2","y":225}},{"__type__":"cc.Node","_name":"GameImage","_parent":{"__id__":11},"_components":[{"__type__":"cc.Sprite","node":{"__id__":13},"_spriteFrame":{"__uuid__":"8cdb44ac-a3f6-449f-b354-7cd48cf84061"},"_sizeMode":0},{"__type__":"cc.Widget","node":{"__id__":13},"_alignFlags":18,"_verticalCenter":54}],"_contentSize":{"__type__":"cc.Size","width":380,"height":214},"_position":{"__type__":"cc.Vec2","y":54}},{"__type__":"cc.Node","_name":"GameInfoLabel","_parent":{"__id__":11},"_components":[{"__type__":"cc.Label","node":{"__id__":14},"_useOriginalSize":false,"_actualFontSize":24,"_fontSize":30,"_lineHeight":30,"_N$string":"","_N$horizontalAlign":1,"_N$overflow":2},{"__type__":"cc.Widget","node":{"__id__":14},"_alignFlags":18,"_left":266,"_right":250,"_bottom":119.5,"_verticalCenter":-170,"_originalWidth":444}],"_color":{"__type__":"cc.Color","r":119,"g":117,"b":117},"_contentSize":{"__type__":"cc.Size","width":715,"height":171},"_position":{"__type__":"cc.Vec2","y":-170}}],{"__type__":"cc.SpriteFrame","content":{"name":"default_sprite_splash","texture":"0275e94c-56a7-410f-bd1a-fc7483f7d14a","rect":[0,0,2,2],"offset":[0,0],"originalSize":[2,2]}},{"__type__":"cc.SpriteFrame","content":{"name":"default_scrollbar_bg","texture":"4bab67cb-18e6-4099-b840-355f0473f890","rect":[0,0,30,15],"offset":[0,0],"originalSize":[30,15],"capInsets":[10,0,10,0]}},{"__type__":"cc.SpriteFrame","content":{"name":"default_btn_pressed","texture":"b43ff3c2-02bb-4874-81f7-f2dea6970f18","rect":[0,0,40,40],"offset":[0,0],"originalSize":[40,40],"capInsets":[11,11,11,7]}}]