[{"__type__":"cc.SpriteFrame","content":{"name":"default_btn_disabled","texture":"71561142-4c83-4933-afca-cb7a17f67053","rect":[0,0,40,40],"offset":[0,0],"originalSize":[40,40],"capInsets":[15,7,15,9]}},{"__type__":"cc.SpriteFrame","content":{"name":"confirm1","texture":"dfd01f10-4119-49c7-830f-07622990a355","rect":[2,152,146,73],"offset":[0,0],"originalSize":[146,73]}},{"__type__":"cc.SpriteFrame","content":{"name":"cancel1","texture":"dfd01f10-4119-49c7-830f-07622990a355","rect":[150,308,146,73],"offset":[0,0],"originalSize":[146,73],"rotated":1}},{"__type__":"cc.SpriteFrame","content":{"name":"bg1","texture":"dfd01f10-4119-49c7-830f-07622990a355","rect":[150,206,100,100],"offset":[0,0],"originalSize":[100,100],"capInsets":[22,22,22,22]}},{"__type__":"cc.SpriteFrame","content":{"name":"default_sprite_splash","texture":"0275e94c-56a7-410f-bd1a-fc7483f7d14a","rect":[0,0,2,2],"offset":[0,0],"originalSize":[2,2]}},{"__type__":"cc.SpriteFrame","content":{"name":"default_btn_pressed","texture":"b43ff3c2-02bb-4874-81f7-f2dea6970f18","rect":[0,0,40,40],"offset":[0,0],"originalSize":[40,40],"capInsets":[11,11,11,7]}},[{"__type__":"cc.Prefab","_name":"AlertWindow","data":{"__id__":1},"asyncLoadAssets":false},{"__type__":"cc.Node","_name":"AlertWindow","_children":[{"__id__":2},{"__id__":3}],"_components":[{"__type__":"cc.Widget","node":{"__id__":1},"_alignFlags":45,"_originalWidth":900,"_originalHeight":1600},{"__type__":"29929k0EXxLIYZPKZIBRNqy","node":{"__id__":1},"title":{"__id__":5},"message":{"__id__":7},"cancelBtn":{"__id__":8},"confirmBtn":{"__id__":11},"okBtn":{"__id__":12}}],"_prefab":{"__type__":"cc.PrefabInfo","root":{"__id__":1},"fileId":"6f56adVFdVJhoBYkmk1cHoM"},"_contentSize":{"__type__":"cc.Size","width":640,"height":1136},"_position":{"__type__":"cc.Vec2","x":320,"y":568}},{"__type__":"cc.Node","_name":"background","_parent":{"__id__":1},"_components":[{"__type__":"cc.Sprite","node":{"__id__":2},"_spriteFrame":{"__uuid__":"a23235d1-15db-4b95-8439-a2e005bfff91"},"_sizeMode":0},{"__type__":"cc.Widget","node":{"__id__":2},"_alignFlags":45,"_originalWidth":100,"_originalHeight":100},{"__type__":"cc.Button","node":{"__id__":2},"_N$target":{"__id__":2}}],"_prefab":{"__type__":"cc.PrefabInfo","root":{"__id__":1},"fileId":"01387CZAyNBRoNfV603Kp4k"},"_opacity":148,"_color":{"__type__":"cc.Color"},"_contentSize":{"__type__":"cc.Size","width":640,"height":1136}},{"__type__":"cc.Node","_name":"window","_parent":{"__id__":1},"_children":[{"__id__":4},{"__id__":6},{"__id__":8},{"__id__":11},{"__id__":12}],"_components":[{"__type__":"cc.Sprite","node":{"__id__":3},"_spriteFrame":{"__uuid__":"983f8603-cd1a-443d-8d5b-f6b91c2b124e"},"_type":1,"_sizeMode":0}],"_prefab":{"__type__":"cc.PrefabInfo","root":{"__id__":1},"fileId":"b6026B9iLNGEZNaCerITMYE"},"_contentSize":{"__type__":"cc.Size","width":677,"height":386}},{"__type__":"cc.Node","_name":"title","_parent":{"__id__":3},"_components":[{"__id__":5},{"__type__":"cc.Widget","node":{"__id__":4},"_alignFlags":1,"_top":40.5}],"_prefab":{"__type__":"cc.PrefabInfo","root":{"__id__":1},"fileId":"506abMdA3hOIaM4qBICJGBU"},"_color":{"__type__":"cc.Color"},"_contentSize":{"__type__":"cc.Size","width":62.25,"height":40},"_position":{"__type__":"cc.Vec2","y":132.5}},{"__type__":"cc.Label","node":{"__id__":4},"_useOriginalSize":false,"_N$string":"title","_N$horizontalAlign":1,"_N$verticalAlign":1},{"__type__":"cc.Node","_name":"message","_parent":{"__id__":3},"_components":[{"__id__":7},{"__type__":"cc.Widget","node":{"__id__":6},"_alignFlags":45,"_left":25,"_right":25,"_top":105.5,"_bottom":127.5,"_originalWidth":62.25,"_originalHeight":180}],"_prefab":{"__type__":"cc.PrefabInfo","root":{"__id__":1},"fileId":"c52cbFSQ+VJyL1k6SC0ZQ0p"},"_color":{"__type__":"cc.Color"},"_contentSize":{"__type__":"cc.Size","width":627,"height":153},"_position":{"__type__":"cc.Vec2","y":11}},{"__type__":"cc.Label","node":{"__id__":6},"_useOriginalSize":false,"_actualFontSize":29,"_fontSize":30,"_N$string":"message message message message message message message message message message message message message ","_N$horizontalAlign":1,"_N$verticalAlign":1,"_N$overflow":2},{"__type__":"cc.Node","_name":"cancelBtn","_parent":{"__id__":3},"_components":[{"__type__":"cc.Sprite","node":{"__id__":8},"_spriteFrame":{"__uuid__":"645d3c2d-2956-4d4f-945a-62735ecafb65"},"_type":1,"_sizeMode":0},{"__type__":"cc.Button","node":{"__id__":8},"transition":1,"pressedColor":{"__type__":"cc.Color","r":165,"g":165,"b":165},"hoverColor":{"__type__":"cc.Color","r":202,"g":202,"b":202},"pressedSprite":{"__uuid__":"e9ec654c-97a2-4787-9325-e6a10375219a"},"hoverSprite":{"__uuid__":"e9ec654c-97a2-4787-9325-e6a10375219a"},"_N$normalColor":{"__type__":"cc.Color","r":255,"g":255,"b":255},"_N$disabledColor":{"__type__":"cc.Color","r":66,"g":65,"b":65},"_N$normalSprite":{"__uuid__":"645d3c2d-2956-4d4f-945a-62735ecafb65"},"_N$disabledSprite":{"__uuid__":"29158224-f8dd-4661-a796-1ffab537140e"},"_N$target":{"__id__":8}},{"__type__":"cc.Widget","node":{"__id__":8},"_alignFlags":36,"_left":382.5,"_right":142.5,"_bottom":40},{"__id__":9}],"_prefab":{"__type__":"cc.PrefabInfo","root":{"__id__":1},"fileId":"98f75dAih9CJ5vJ2+7f8yUu"},"_contentSize":{"__type__":"cc.Size","width":146,"height":73},"_position":{"__type__":"cc.Vec2","x":123,"y":-116.5}},{"__type__":"6348cNuyyFFV5mH16rjZSR0","node":{"__id__":8},"left":{"__id__":10},"ok":{"__type__":"cc.ClickEvent","target":{"__id__":1},"component":"AlertWindowScript","handler":"clickCancelBtn"},"fingerScale":0.5},{"__type__":"6348cNuyyFFV5mH16rjZSR0","node":{"__id__":11},"right":{"__id__":9},"ok":{"__type__":"cc.ClickEvent","target":{"__id__":1},"component":"AlertWindowScript","handler":"clickConfirmBtn"},"fingerScale":0.5},{"__type__":"cc.Node","_name":"confirmBtn","_parent":{"__id__":3},"_components":[{"__type__":"cc.Sprite","node":{"__id__":11},"_spriteFrame":{"__uuid__":"32634b9a-d168-4a4b-8247-188f8b14867c"},"_type":1,"_sizeMode":0},{"__type__":"cc.Button","node":{"__id__":11},"transition":1,"pressedColor":{"__type__":"cc.Color","r":165,"g":165,"b":165},"hoverColor":{"__type__":"cc.Color","r":202,"g":202,"b":202},"pressedSprite":{"__uuid__":"e9ec654c-97a2-4787-9325-e6a10375219a"},"hoverSprite":{"__uuid__":"e9ec654c-97a2-4787-9325-e6a10375219a"},"_N$normalColor":{"__type__":"cc.Color","r":255,"g":255,"b":255},"_N$disabledColor":{"__type__":"cc.Color","r":66,"g":65,"b":65},"_N$normalSprite":{"__uuid__":"645d3c2d-2956-4d4f-945a-62735ecafb65"},"_N$disabledSprite":{"__uuid__":"29158224-f8dd-4661-a796-1ffab537140e"},"_N$target":{"__id__":11}},{"__type__":"cc.Widget","node":{"__id__":11},"_alignFlags":12,"_left":142.5,"_bottom":40},{"__id__":10}],"_prefab":{"__type__":"cc.PrefabInfo","root":{"__id__":1},"fileId":"e6056ObKSpHELGZCBj3GyIP"},"_contentSize":{"__type__":"cc.Size","width":146,"height":73},"_position":{"__type__":"cc.Vec2","x":-123,"y":-116.5}},{"__type__":"cc.Node","_name":"okBtn","_parent":{"__id__":3},"_components":[{"__type__":"cc.Sprite","node":{"__id__":12},"_spriteFrame":{"__uuid__":"32634b9a-d168-4a4b-8247-188f8b14867c"},"_type":1,"_sizeMode":0},{"__type__":"cc.Button","node":{"__id__":12},"transition":1,"pressedColor":{"__type__":"cc.Color","r":165,"g":165,"b":165},"hoverColor":{"__type__":"cc.Color","r":202,"g":202,"b":202},"pressedSprite":{"__uuid__":"e9ec654c-97a2-4787-9325-e6a10375219a"},"hoverSprite":{"__uuid__":"e9ec654c-97a2-4787-9325-e6a10375219a"},"_N$normalColor":{"__type__":"cc.Color","r":255,"g":255,"b":255},"_N$disabledColor":{"__type__":"cc.Color","r":66,"g":65,"b":65},"_N$normalSprite":{"__uuid__":"645d3c2d-2956-4d4f-945a-62735ecafb65"},"_N$disabledSprite":{"__uuid__":"29158224-f8dd-4661-a796-1ffab537140e"},"_N$target":{"__id__":12}},{"__type__":"cc.Widget","node":{"__id__":12},"_alignFlags":4,"_bottom":40},{"__type__":"6348cNuyyFFV5mH16rjZSR0","node":{"__id__":12},"ok":{"__type__":"cc.ClickEvent","target":{"__id__":1},"component":"AlertWindowScript","handler":"clickOkBtn"},"fingerScale":0.5}],"_prefab":{"__type__":"cc.PrefabInfo","root":{"__id__":1},"fileId":"b8b95H5tsxOKoMgyRJlE91m"},"_contentSize":{"__type__":"cc.Size","width":146,"height":73},"_position":{"__type__":"cc.Vec2","y":-116.5}}]]