[[{"__type__":"cc.Prefab","_name":"item","data":{"__id__":1},"asyncLoadAssets":false},{"__type__":"cc.Node","_name":"item","_children":[{"__id__":2},{"__id__":6}],"_components":[{"__type__":"cc.Sprite","node":{"__id__":1},"_spriteFrame":{"__uuid__":"741d0b7f-ecbb-4423-9f5f-a42bce3501c1"},"_type":1,"_sizeMode":0},{"__type__":"cc.Button","node":{"__id__":1},"transition":1,"pressedColor":{"__type__":"cc.Color","r":41,"g":41,"b":41},"hoverColor":{"__type__":"cc.Color","r":70,"g":69,"b":69},"pressedSprite":{"__uuid__":"e9ec654c-97a2-4787-9325-e6a10375219a"},"hoverSprite":{"__uuid__":"e9ec654c-97a2-4787-9325-e6a10375219a"},"_N$normalColor":{"__type__":"cc.Color","r":92,"g":92,"b":92},"_N$disabledColor":{"__type__":"cc.Color","r":255,"g":255,"b":255},"_N$normalSprite":{"__uuid__":"f0048c10-f03e-4c97-b9d3-3506e1d58952"},"_N$disabledSprite":{"__uuid__":"29158224-f8dd-4661-a796-1ffab537140e"},"_N$target":{"__id__":1}},{"__type__":"6348cNuyyFFV5mH16rjZSR0","node":{"__id__":1},"fingerScale":0.5,"dirMap":{"37":null,"38":null,"39":null,"40":null,"1000":null,"1001":null,"1003":null,"1004":null}},{"__type__":"bad74X5hdJO0qawqhTVq7AA","node":{"__id__":1}}],"_prefab":{"__type__":"cc.PrefabInfo","root":{"__id__":1},"asset":{"__id__":0},"fileId":"aa0a2yfiOJGcqrmt65P638h"},"_color":{"__type__":"cc.Color","r":92,"g":92,"b":92},"_contentSize":{"__type__":"cc.Size","width":280,"height":170},"_position":{"__type__":"cc.Vec2","x":-300,"y":180}},{"__type__":"cc.Node","_name":"game_img","_parent":{"__id__":1},"_children":[{"__id__":3},{"__id__":4},{"__id__":5}],"_components":[{"__type__":"cc.Sprite","node":{"__id__":2},"_sizeMode":0},{"__type__":"cc.Widget","node":{"__id__":2},"_alignFlags":18,"_top":16.8,"_verticalCenter":17}],"_prefab":{"__type__":"cc.PrefabInfo","root":{"__id__":1},"asset":{"__id__":0},"fileId":"dc2a19vHMhDpZJEZIRKS3v1"},"_contentSize":{"__type__":"cc.Size","width":200,"height":113},"_position":{"__type__":"cc.Vec2","y":17}},{"__type__":"cc.Node","_name":"mask","_parent":{"__id__":2},"_components":[{"__type__":"cc.Sprite","node":{"__id__":3},"_spriteFrame":{"__uuid__":"a23235d1-15db-4b95-8439-a2e005bfff91"},"_type":3,"_sizeMode":0,"_fillType":2,"_fillCenter":{"__type__":"cc.Vec2","x":0.5,"y":0.5},"_fillStart":0.25,"_fillRange":1},{"__type__":"cc.Widget","node":{"__id__":3},"_alignFlags":45,"_originalWidth":100,"_originalHeight":100}],"_prefab":{"__type__":"cc.PrefabInfo","root":{"__id__":1},"asset":{"__id__":0},"fileId":"ac053cGiK5B0bSSAwMpUB7c"},"_opacity":150,"_color":{"__type__":"cc.Color","r":12,"g":12,"b":12},"_contentSize":{"__type__":"cc.Size","width":200,"height":113},"_skewX":-1},{"__type__":"cc.Node","_name":"download_img","_parent":{"__id__":2},"_components":[{"__type__":"cc.Sprite","node":{"__id__":4},"_spriteFrame":{"__uuid__":"a62872cf-17b9-488b-abe1-ae1f82ffd42b"}}],"_prefab":{"__type__":"cc.PrefabInfo","root":{"__id__":1},"asset":{"__id__":0},"fileId":"dcb03LA2AJKI72LhgpNBjTY"},"_contentSize":{"__type__":"cc.Size","width":28,"height":34},"_position":{"__type__":"cc.Vec2","y":22.6}},{"__type__":"cc.Node","_name":"prompt_lbl","_parent":{"__id__":2},"_components":[{"__type__":"cc.Label","node":{"__id__":5},"_useOriginalSize":false,"_actualFontSize":20,"_fontSize":20,"_N$string":"Download","_N$horizontalAlign":1,"_N$verticalAlign":1,"_N$overflow":1}],"_prefab":{"__type__":"cc.PrefabInfo","root":{"__id__":1},"asset":{"__id__":0},"fileId":"c287cNfgeJOqp8WYStyUcin"},"_contentSize":{"__type__":"cc.Size","width":100,"height":20},"_position":{"__type__":"cc.Vec2","y":-7.2}},{"__type__":"cc.Node","_name":"title","_parent":{"__id__":1},"_components":[{"__type__":"cc.Label","node":{"__id__":6},"_useOriginalSize":false,"_actualFontSize":20,"_fontSize":20,"_lineHeight":20,"_N$string":"title","_N$horizontalAlign":1,"_N$verticalAlign":1,"_N$overflow":2},{"__type__":"cc.Widget","node":{"__id__":6},"_alignFlags":44,"_left":11.999999999999988,"_right":12,"_bottom":13,"_originalWidth":97.87}],"_prefab":{"__type__":"cc.PrefabInfo","root":{"__id__":1},"asset":{"__id__":0},"fileId":"96a6bbOuGVGtqLdqRezjpVZ"},"_contentSize":{"__type__":"cc.Size","width":256,"height":27},"_position":{"__type__":"cc.Vec2","y":-58.5}}],{"__type__":"cc.SpriteFrame","content":{"name":"default_btn_disabled","texture":"71561142-4c83-4933-afca-cb7a17f67053","rect":[0,0,40,40],"offset":[0,0],"originalSize":[40,40],"capInsets":[15,7,15,9]}},{"__type__":"cc.SpriteFrame","content":{"name":"round_rect","texture":"05b05009-5a32-4d61-beec-9b9a627d119a","rect":[92,2,190,60],"offset":[0,0],"originalSize":[190,60],"capInsets":[15,15,15,15]}},{"__type__":"cc.SpriteFrame","content":{"name":"default_sprite_splash","texture":"0275e94c-56a7-410f-bd1a-fc7483f7d14a","rect":[0,0,2,2],"offset":[0,0],"originalSize":[2,2]}},{"__type__":"cc.SpriteFrame","content":{"name":"download","texture":"05b05009-5a32-4d61-beec-9b9a627d119a","rect":[284,2,28,34],"offset":[0,1],"originalSize":[48,48]}},{"__type__":"cc.SpriteFrame","content":{"name":"default_btn_pressed","texture":"b43ff3c2-02bb-4874-81f7-f2dea6970f18","rect":[0,0,40,40],"offset":[0,0],"originalSize":[40,40],"capInsets":[11,11,11,7]}},{"__type__":"cc.SpriteFrame","content":{"name":"default_btn_normal","texture":"e851e89b-faa2-4484-bea6-5c01dd9f06e2","rect":[0,0,40,40],"offset":[0,0],"originalSize":[40,40],"capInsets":[8,11,7,9]}}]