[[{"__type__":"cc.Prefab","_name":"toast","data":{"__id__":1},"asyncLoadAssets":false},{"__type__":"cc.Node","_name":"toast","_children":[{"__id__":2},{"__id__":3}],"_prefab":{"__type__":"cc.PrefabInfo","root":{"__id__":1},"fileId":"6db0f7hV/RJNYTQVD+LH9o5"},"_contentSize":{"__type__":"cc.Size","width":686,"height":103}},{"__type__":"cc.Node","_name":"bg","_parent":{"__id__":1},"_components":[{"__type__":"cc.Sprite","node":{"__id__":2},"_spriteFrame":{"__uuid__":"b4edf5c5-f42b-46a1-bca8-e9441cff125d"},"_type":1}],"_prefab":{"__type__":"cc.PrefabInfo","root":{"__id__":1},"fileId":"a6daeu67NhN0rgo+ZZcjkyF"},"_contentSize":{"__type__":"cc.Size","width":688,"height":103}},{"__type__":"cc.Node","_name":"text","_parent":{"__id__":1},"_components":[{"__type__":"cc.Label","node":{"__id__":3},"_useOriginalSize":false,"_N$string":"吐丝","_N$horizontalAlign":1,"_N$verticalAlign":1}],"_prefab":{"__type__":"cc.PrefabInfo","root":{"__id__":1},"fileId":"39720MwsD1LxrHNQ1EksVwW"},"_contentSize":{"__type__":"cc.Size","width":80,"height":40}}],{"__type__":"cc.SpriteFrame","content":{"name":"toastBG","texture":"6ce80e53-b097-449b-a246-c94426b32f26","rect":[2,491,688,103],"offset":[0,0],"originalSize":[688,103],"rotated":1,"capInsets":[137,17,158,13]}}]