[{"__type__":"cc.SpriteFrame","content":{"name":"default_btn_disabled","texture":"71561142-4c83-4933-afca-cb7a17f67053","rect":[0,0,40,40],"offset":[0,0],"originalSize":[40,40],"capInsets":[15,7,15,9]}},{"__type__":"cc.SpriteFrame","content":{"name":"title","texture":"114c9945-7479-4705-b770-5a10e3ced596","rect":[42,4,986,191],"offset":[19,0.5],"originalSize":[1032,200]}},{"__type__":"cc.SpriteFrame","content":{"name":"background","texture":"b509f8a6-6568-48e6-9742-9b57b0135c95","rect":[2,2,1600,1200],"offset":[0,0],"originalSize":[1600,1200]}},{"__type__":"cc.SpriteFrame","content":{"name":"round_btn","texture":"0cde00b6-8a67-46ca-9d3a-1c0f2c3f820e","rect":[0,0,190,60],"offset":[0,0],"originalSize":[190,60],"capInsets":[15,15,15,15]}},[{"__type__":"cc.SceneAsset","_name":"welcomeScene","scene":{"__id__":1},"asyncLoadAssets":false},{"__type__":"cc.Scene","_name":"New Node","_children":[{"__id__":2}],"_anchorPoint":{"__type__":"cc.Vec2"},"autoReleaseAssets":false},{"__type__":"cc.Node","_name":"Canvas","_parent":{"__id__":1},"_children":[{"__id__":3},{"__id__":4},{"__id__":8},{"__id__":9},{"__id__":15},{"__id__":13}],"_components":[{"__type__":"cc.Canvas","node":{"__id__":2},"_designResolution":{"__type__":"cc.Size","width":1600,"height":900},"_fitWidth":true,"_fitHeight":false},{"__type__":"06ef8/LB/1BSYHJ0IZPRHhP","node":{"__id__":2}}],"_id":"348cc+7qMhITK9qQrd2hIq3","_contentSize":{"__type__":"cc.Size","width":1600,"height":900},"_position":{"__type__":"cc.Vec2","x":800,"y":450}},{"__type__":"cc.Node","_name":"background","_parent":{"__id__":2},"_components":[{"__type__":"cc.Sprite","node":{"__id__":3},"_spriteFrame":{"__uuid__":"a23235d1-15db-4b95-8439-a2e005bfff91"},"_sizeMode":0}],"_color":{"__type__":"cc.Color","r":90,"g":215,"b":252},"_contentSize":{"__type__":"cc.Size","width":3600,"height":3600}},{"__type__":"cc.Node","_name":"background","_parent":{"__id__":2},"_children":[{"__id__":5},{"__id__":6},{"__id__":7}],"_components":[{"__type__":"cc.Sprite","node":{"__id__":4},"_spriteFrame":{"__uuid__":"7ba6ac2c-f726-482f-8db0-8e08dc85bfe9"}}],"_contentSize":{"__type__":"cc.Size","width":1600,"height":1200}},{"__type__":"cc.Node","_name":"mario","_parent":{"__id__":4},"_active":false,"_components":[{"__type__":"cc.Sprite","node":{"__id__":5},"_spriteFrame":{"__uuid__":"fb6237f7-70c2-4c74-871f-ccdf86c555fa"}},{"__type__":"cc.Widget","node":{"__id__":5},"_alignFlags":18,"_verticalCenter":-48,"_horizontalCenter":549}],"_contentSize":{"__type__":"cc.Size","width":340,"height":688},"_position":{"__type__":"cc.Vec2","x":549,"y":-48}},{"__type__":"cc.Node","_name":"bomber","_parent":{"__id__":4},"_active":false,"_components":[{"__type__":"cc.Sprite","node":{"__id__":6},"_spriteFrame":{"__uuid__":"b40084dd-78af-4fd6-9a33-6a30b9d1a601"}},{"__type__":"cc.Widget","node":{"__id__":6},"_alignFlags":18,"_verticalCenter":-123,"_horizontalCenter":-472}],"_contentSize":{"__type__":"cc.Size","width":465,"height":531},"_position":{"__type__":"cc.Vec2","x":-472,"y":-123}},{"__type__":"cc.Node","_name":"title","_parent":{"__id__":4},"_components":[{"__type__":"cc.Sprite","node":{"__id__":7},"_spriteFrame":{"__uuid__":"3a2f450b-252a-4002-aba6-f7ce98efc334"}},{"__type__":"cc.Widget","node":{"__id__":7},"_alignFlags":1,"_top":236.5}],"_contentSize":{"__type__":"cc.Size","width":986,"height":191},"_position":{"__type__":"cc.Vec2","y":268}},{"__type__":"cc.Node","_name":"second_background","_parent":{"__id__":2},"_active":false,"_components":[{"__type__":"cc.Sprite","node":{"__id__":8},"_spriteFrame":{"__uuid__":"ec1a6572-a50a-470b-92fb-60b4dccb25d4"}}],"_contentSize":{"__type__":"cc.Size","width":1600,"height":1000}},{"__type__":"cc.Node","_name":"SelectGameBtn","_parent":{"__id__":2},"_children":[{"__id__":10}],"_components":[{"__type__":"cc.Sprite","node":{"__id__":9},"_spriteFrame":{"__uuid__":"81d5cffd-373d-4a2d-9b6d-475cebebc858"},"_type":1,"_sizeMode":0},{"__type__":"cc.Button","node":{"__id__":9},"transition":1,"pressedColor":{"__type__":"cc.Color","r":49,"g":49,"b":49},"hoverColor":{"__type__":"cc.Color","r":77,"g":77,"b":77},"pressedSprite":{"__uuid__":"e9ec654c-97a2-4787-9325-e6a10375219a"},"hoverSprite":{"__uuid__":"e9ec654c-97a2-4787-9325-e6a10375219a"},"_N$normalColor":{"__type__":"cc.Color","r":77,"g":77,"b":77},"_N$disabledColor":{"__type__":"cc.Color"},"_N$normalSprite":{"__uuid__":"81d5cffd-373d-4a2d-9b6d-475cebebc858"},"_N$disabledSprite":{"__uuid__":"29158224-f8dd-4661-a796-1ffab537140e"},"_N$target":{"__id__":9}},{"__type__":"cc.Widget","node":{"__id__":9},"_alignFlags":16},{"__id__":11}],"_opacity":200,"_color":{"__type__":"cc.Color","r":77,"g":77,"b":77},"_contentSize":{"__type__":"cc.Size","width":280,"height":90}},{"__type__":"cc.Node","_name":"Label","_parent":{"__id__":9},"_components":[{"__type__":"cc.Label","node":{"__id__":10},"_useOriginalSize":false,"_actualFontSize":30,"_fontSize":30,"_enableWrapText":false,"_N$string":"选择游戏","_N$horizontalAlign":1,"_N$verticalAlign":1,"_N$overflow":1},{"__type__":"cc.Widget","node":{"__id__":10},"_alignFlags":45,"_originalWidth":100,"_originalHeight":40}],"_contentSize":{"__type__":"cc.Size","width":280,"height":90}},{"__type__":"6348cNuyyFFV5mH16rjZSR0","node":{"__id__":9},"down":{"__id__":12},"ok":{"__type__":"cc.ClickEvent","target":{"__id__":2},"component":"WelcomeScene","handler":"onSelectGameBtnClick"},"fingerScale":0.5,"dirMap":{"37":null,"38":null,"39":null,"40":{"__id__":12},"1000":null,"1001":null,"1003":null,"1004":{"__id__":12}}},{"__type__":"6348cNuyyFFV5mH16rjZSR0","node":{"__id__":13},"up":{"__id__":11},"ok":{"__type__":"cc.ClickEvent","target":{"__id__":2},"component":"WelcomeScene","handler":"onExitBtnClick"},"fingerScale":0.5,"dirMap":{"37":null,"38":{"__id__":11},"39":null,"40":null,"1000":null,"1001":null,"1003":{"__id__":11},"1004":null}},{"__type__":"cc.Node","_name":"ExitBtn","_parent":{"__id__":2},"_children":[{"__id__":14}],"_components":[{"__type__":"cc.Sprite","node":{"__id__":13},"_spriteFrame":{"__uuid__":"81d5cffd-373d-4a2d-9b6d-475cebebc858"},"_type":1,"_sizeMode":0},{"__type__":"cc.Button","node":{"__id__":13},"transition":1,"pressedColor":{"__type__":"cc.Color","r":49,"g":49,"b":49},"hoverColor":{"__type__":"cc.Color","r":77,"g":77,"b":77},"pressedSprite":{"__uuid__":"e9ec654c-97a2-4787-9325-e6a10375219a"},"hoverSprite":{"__uuid__":"e9ec654c-97a2-4787-9325-e6a10375219a"},"_N$normalColor":{"__type__":"cc.Color","r":77,"g":77,"b":77},"_N$disabledColor":{"__type__":"cc.Color"},"_N$normalSprite":{"__uuid__":"81d5cffd-373d-4a2d-9b6d-475cebebc858"},"_N$disabledSprite":{"__uuid__":"29158224-f8dd-4661-a796-1ffab537140e"},"_N$target":{"__id__":13}},{"__type__":"cc.Widget","node":{"__id__":13},"_alignFlags":16},{"__id__":12}],"_opacity":200,"_color":{"__type__":"cc.Color","r":77,"g":77,"b":77},"_contentSize":{"__type__":"cc.Size","width":280,"height":90},"_position":{"__type__":"cc.Vec2","y":-257}},{"__type__":"cc.Node","_name":"Label","_parent":{"__id__":13},"_components":[{"__type__":"cc.Label","node":{"__id__":14},"_useOriginalSize":false,"_actualFontSize":30,"_fontSize":30,"_enableWrapText":false,"_N$string":"退出","_N$horizontalAlign":1,"_N$verticalAlign":1,"_N$overflow":1},{"__type__":"cc.Widget","node":{"__id__":14},"_alignFlags":45,"_originalWidth":100,"_originalHeight":40}],"_contentSize":{"__type__":"cc.Size","width":280,"height":90}},{"__type__":"cc.Node","_name":"ShareBtn","_parent":{"__id__":2},"_children":[{"__id__":16}],"_components":[{"__type__":"cc.Sprite","node":{"__id__":15},"_spriteFrame":{"__uuid__":"81d5cffd-373d-4a2d-9b6d-475cebebc858"},"_type":1,"_sizeMode":0},{"__type__":"cc.Button","node":{"__id__":15},"transition":1,"pressedColor":{"__type__":"cc.Color","r":49,"g":49,"b":49},"hoverColor":{"__type__":"cc.Color","r":77,"g":77,"b":77},"pressedSprite":{"__uuid__":"e9ec654c-97a2-4787-9325-e6a10375219a"},"hoverSprite":{"__uuid__":"e9ec654c-97a2-4787-9325-e6a10375219a"},"_N$normalColor":{"__type__":"cc.Color","r":77,"g":77,"b":77},"_N$disabledColor":{"__type__":"cc.Color"},"_N$normalSprite":{"__uuid__":"81d5cffd-373d-4a2d-9b6d-475cebebc858"},"_N$disabledSprite":{"__uuid__":"29158224-f8dd-4661-a796-1ffab537140e"},"_N$target":{"__id__":15}},{"__type__":"cc.Widget","node":{"__id__":15},"_alignFlags":16}],"_opacity":200,"_color":{"__type__":"cc.Color","r":77,"g":77,"b":77},"_contentSize":{"__type__":"cc.Size","width":280,"height":90},"_position":{"__type__":"cc.Vec2","y":-126}},{"__type__":"cc.Node","_name":"Label","_parent":{"__id__":15},"_components":[{"__type__":"cc.Label","node":{"__id__":16},"_useOriginalSize":false,"_actualFontSize":30,"_fontSize":30,"_enableWrapText":false,"_N$string":"分享","_N$horizontalAlign":1,"_N$verticalAlign":1,"_N$overflow":1},{"__type__":"cc.Widget","node":{"__id__":16},"_alignFlags":45,"_originalWidth":100,"_originalHeight":40}],"_contentSize":{"__type__":"cc.Size","width":280,"height":90}}],{"__type__":"cc.SpriteFrame","content":{"name":"default_sprite_splash","texture":"0275e94c-56a7-410f-bd1a-fc7483f7d14a","rect":[0,0,2,2],"offset":[0,0],"originalSize":[2,2]}},{"__type__":"cc.SpriteFrame","content":{"name":"bomber","texture":"b509f8a6-6568-48e6-9742-9b57b0135c95","rect":[2,1204,465,531],"offset":[0,0],"originalSize":[465,531]}},{"__type__":"cc.SpriteFrame","content":{"name":"default_btn_pressed","texture":"b43ff3c2-02bb-4874-81f7-f2dea6970f18","rect":[0,0,40,40],"offset":[0,0],"originalSize":[40,40],"capInsets":[11,11,11,7]}},{"__type__":"cc.SpriteFrame","content":{"name":"background","texture":"608a7cfd-2130-48d9-8018-abedf8d53aa8","rect":[0,0,1600,1000],"offset":[0,0],"originalSize":[1600,1000]}},{"__type__":"cc.SpriteFrame","content":{"name":"mario","texture":"b509f8a6-6568-48e6-9742-9b57b0135c95","rect":[469,1528,340,688],"offset":[0,0],"originalSize":[340,688],"rotated":1}}]