[[{"__type__":"cc.Prefab","_name":"waitNode","data":{"__id__":1},"asyncLoadAssets":false},{"__type__":"cc.Node","_name":"waitNode","_children":[{"__id__":2},{"__id__":3}],"_components":[{"__type__":"cc.Widget","node":{"__id__":1},"_alignFlags":45}],"_prefab":{"__type__":"cc.PrefabInfo","root":{"__id__":1},"fileId":"76151e/owhBfoAvI9xV2lqE"},"_contentSize":{"__type__":"cc.Size","width":1600,"height":900},"_position":{"__type__":"cc.Vec2","x":800,"y":450}},{"__type__":"cc.Node","_name":"mask","_parent":{"__id__":1},"_components":[{"__type__":"cc.Sprite","node":{"__id__":2},"_spriteFrame":{"__uuid__":"a23235d1-15db-4b95-8439-a2e005bfff91"},"_sizeMode":0},{"__type__":"cc.Widget","node":{"__id__":2},"_alignFlags":45,"_originalWidth":100,"_originalHeight":100},{"__type__":"cc.Button","node":{"__id__":2},"_N$target":{"__id__":2}}],"_prefab":{"__type__":"cc.PrefabInfo","root":{"__id__":1},"fileId":"5ae5fo+x2FKCKa+gUrVvNW6"},"_opacity":100,"_color":{"__type__":"cc.Color"},"_contentSize":{"__type__":"cc.Size","width":1600,"height":900}},{"__type__":"cc.Node","_name":"bg","_parent":{"__id__":1},"_children":[{"__id__":4},{"__id__":5}],"_components":[{"__type__":"cc.Sprite","node":{"__id__":3},"_spriteFrame":{"__uuid__":"711ff902-bc9b-41d5-9fb8-b18ea7224540"}}],"_prefab":{"__type__":"cc.PrefabInfo","root":{"__id__":1},"fileId":"fdc2cbqZ8xBnZJtDdqYVrsR"},"_contentSize":{"__type__":"cc.Size","width":661,"height":77}},{"__type__":"cc.Node","_name":"flag","_parent":{"__id__":3},"_components":[{"__type__":"cc.Sprite","node":{"__id__":4},"_spriteFrame":{"__uuid__":"bae9e742-8ba7-4362-90c1-8fa75efe4d00"}}],"_prefab":{"__type__":"cc.PrefabInfo","root":{"__id__":1},"fileId":"9e30b2da9hAyIJBFJboPJUP"},"_contentSize":{"__type__":"cc.Size","width":53,"height":53},"_position":{"__type__":"cc.Vec2","x":-295}},{"__type__":"cc.Node","_name":"hint","_parent":{"__id__":3},"_components":[{"__type__":"cc.Label","node":{"__id__":5},"_useOriginalSize":false,"_N$string":"正在获取充值配置，请稍候","_N$horizontalAlign":1,"_N$verticalAlign":1}],"_prefab":{"__type__":"cc.PrefabInfo","root":{"__id__":1},"fileId":"35373SnM4BB8oO/BAJtP/uM"},"_color":{"__type__":"cc.Color","r":44,"g":44,"b":44},"_contentSize":{"__type__":"cc.Size","width":480,"height":40}}],{"__type__":"cc.SpriteFrame","content":{"name":"waitBg","texture":"6ce80e53-b097-449b-a246-c94426b32f26","rect":[242,491,661,77],"offset":[0,1],"originalSize":[661,79],"rotated":1}},{"__type__":"cc.SpriteFrame","content":{"name":"default_sprite_splash","texture":"0275e94c-56a7-410f-bd1a-fc7483f7d14a","rect":[0,0,2,2],"offset":[0,0],"originalSize":[2,2]}},{"__type__":"cc.SpriteFrame","content":{"name":"wait","texture":"6ce80e53-b097-449b-a246-c94426b32f26","rect":[620,1173,53,53],"offset":[0,0],"originalSize":[53,53]}}]