[[{"__type__":"cc.Prefab","_name":"TVItemFrame","data":{"__id__":1},"asyncLoadAssets":false},{"__type__":"cc.Node","_name":"TVItemFrame","_components":[{"__type__":"cc.Sprite","node":{"__id__":1},"_spriteFrame":{"__uuid__":"fbcb4e1f-127b-44e7-85bf-a0a69c7d91f5"},"_type":1,"_sizeMode":0}],"_prefab":{"__type__":"cc.PrefabInfo","root":{"__id__":1},"fileId":"41266i0qGRBrKAARcdTLQ6t"},"_color":{"__type__":"cc.Color","r":69,"g":240,"b":164},"_contentSize":{"__type__":"cc.Size","width":32,"height":32},"_position":{"__type__":"cc.Vec2","x":146.3}}],{"__type__":"cc.SpriteFrame","content":{"name":"frame","texture":"e335049d-9c54-47e6-b3a0-1ed2630b7f01","rect":[0,0,32,32],"offset":[0,0],"originalSize":[32,32],"capInsets":[3,3,3,3]}}]