[{"__type__":"cc.SpriteFrame","content":{"name":"default_btn_disabled","texture":"71561142-4c83-4933-afca-cb7a17f67053","rect":[0,0,40,40],"offset":[0,0],"originalSize":[40,40],"capInsets":[15,7,15,9]}},[{"__type__":"cc.Prefab","_name":"MFWebView","data":{"__id__":1},"asyncLoadAssets":false},{"__type__":"cc.Node","_name":"MFWebView","_children":[{"__id__":2},{"__id__":3},{"__id__":5}],"_components":[{"__type__":"cc.Widget","node":{"__id__":1},"_alignFlags":45},{"__type__":"a19f0zgy+1Ch4M1O+fQf56s","node":{"__id__":1},"webView":{"__id__":4}}],"_prefab":{"__type__":"cc.PrefabInfo","root":{"__id__":1},"fileId":"4bea4T3s3NCq5LMWTlyCN7V"},"_contentSize":{"__type__":"cc.Size","width":640,"height":1137},"_position":{"__type__":"cc.Vec2","x":320,"y":568.5}},{"__type__":"cc.Node","_name":"bg","_parent":{"__id__":1},"_components":[{"__type__":"cc.Sprite","node":{"__id__":2},"_spriteFrame":{"__uuid__":"a23235d1-15db-4b95-8439-a2e005bfff91"},"_sizeMode":0},{"__type__":"cc.Widget","node":{"__id__":2},"_alignFlags":45,"_originalWidth":100,"_originalHeight":100},{"__type__":"cc.Button","node":{"__id__":2},"_N$target":{"__id__":2}}],"_prefab":{"__type__":"cc.PrefabInfo","root":{"__id__":1},"fileId":"5d16adOJcZBIpyOzjh6svHw"},"_opacity":150,"_color":{"__type__":"cc.Color"},"_contentSize":{"__type__":"cc.Size","width":640,"height":1137}},{"__type__":"cc.Node","_name":"webView","_parent":{"__id__":1},"_components":[{"__id__":4},{"__type__":"cc.Widget","node":{"__id__":3},"_alignFlags":45,"_top":150,"_originalWidth":300,"_originalHeight":200}],"_prefab":{"__type__":"cc.PrefabInfo","root":{"__id__":1},"fileId":"5705a2sfydLUZVsaUA6w5QF"},"_contentSize":{"__type__":"cc.Size","width":640,"height":987},"_position":{"__type__":"cc.Vec2","y":-75}},{"__type__":"cc.WebView","node":{"__id__":3},"_useOriginalSize":false},{"__type__":"cc.Node","_name":"homeBtn","_parent":{"__id__":1},"_components":[{"__type__":"cc.Sprite","node":{"__id__":5}},{"__type__":"cc.Button","node":{"__id__":5},"transition":3,"pressedColor":{"__type__":"cc.Color","r":255,"g":255,"b":255},"pressedSprite":{"__uuid__":"e9ec654c-97a2-4787-9325-e6a10375219a"},"hoverSprite":{"__uuid__":"e9ec654c-97a2-4787-9325-e6a10375219a"},"_N$normalColor":{"__type__":"cc.Color","r":255,"g":255,"b":255},"_N$disabledColor":{"__type__":"cc.Color","r":255,"g":255,"b":255},"_N$disabledSprite":{"__uuid__":"29158224-f8dd-4661-a796-1ffab537140e"},"_N$target":{"__id__":5}},{"__type__":"cc.Widget","node":{"__id__":5},"_alignFlags":9,"_left":10,"_top":10},{"__type__":"6348cNuyyFFV5mH16rjZSR0","node":{"__id__":5},"ok":{"__type__":"cc.ClickEvent","target":{"__id__":1},"component":"MFWebViewScript","handler":"close"},"fingerScale":0.5}],"_prefab":{"__type__":"cc.PrefabInfo","root":{"__id__":1},"fileId":"dee3b6b9I9J65d0XcTTLeD7"},"_contentSize":{"__type__":"cc.Size","width":199,"height":199},"_scaleX":0.6,"_scaleY":0.6,"_position":{"__type__":"cc.Vec2","x":-250.3,"y":498.8}}],{"__type__":"cc.SpriteFrame","content":{"name":"default_sprite_splash","texture":"0275e94c-56a7-410f-bd1a-fc7483f7d14a","rect":[0,0,2,2],"offset":[0,0],"originalSize":[2,2]}},{"__type__":"cc.SpriteFrame","content":{"name":"default_btn_pressed","texture":"b43ff3c2-02bb-4874-81f7-f2dea6970f18","rect":[0,0,40,40],"offset":[0,0],"originalSize":[40,40],"capInsets":[11,11,11,7]}}]