[{"__type__":"cc.SpriteFrame","content":{"name":"default_btn_disabled","texture":"71561142-4c83-4933-afca-cb7a17f67053","rect":[0,0,40,40],"offset":[0,0],"originalSize":[40,40],"capInsets":[15,7,15,9]}},{"__type__":"cc.SpriteFrame","content":{"name":"officalWebBackBtn","texture":"37edbe52-8fd6-4172-a286-dd0cc05ac471","rect":[1,1,170,170],"offset":[-1,1.5],"originalSize":[174,175]}},{"__type__":"cc.SpriteFrame","content":{"name":"wbBG","texture":"3b5bf0b3-2e8d-41ac-8a56-f7ba58a3ba57","rect":[0,0,1600,900],"offset":[0,0],"originalSize":[1600,900]}},[{"__type__":"cc.Prefab","_name":"topFrameWebLayer","data":{"__id__":1},"asyncLoadAssets":false},{"__type__":"cc.Node","_name":"topFrameWebLayer","_children":[{"__id__":2},{"__id__":3},{"__id__":4}],"_active":false,"_components":[{"__type__":"cc.Widget","node":{"__id__":1},"_alignFlags":45,"_originalWidth":100,"_originalHeight":100},{"__type__":"e7579GnqZpDu63UTJCv2By8","node":{"__id__":1}}],"_prefab":{"__type__":"cc.PrefabInfo","root":{"__id__":1},"fileId":"4f03fazZZtD7JWF/pzlZATB"},"_contentSize":{"__type__":"cc.Size","width":1600,"height":900},"_position":{"__type__":"cc.Vec2","x":800,"y":450}},{"__type__":"cc.Node","_name":"bg","_parent":{"__id__":1},"_components":[{"__type__":"cc.Sprite","node":{"__id__":2},"_spriteFrame":{"__uuid__":"7854cd4b-332c-407a-bf91-4d4ba805e620"},"_sizeMode":0},{"__type__":"cc.Widget","node":{"__id__":2},"_alignFlags":45,"_left":-100,"_right":-100,"_top":-100,"_bottom":-100,"_originalWidth":100,"_originalHeight":100}],"_prefab":{"__type__":"cc.PrefabInfo","root":{"__id__":1},"fileId":"0b85dyG6JtDCoG1GuRrYb70"},"_contentSize":{"__type__":"cc.Size","width":1600,"height":1200}},{"__type__":"cc.Node","_name":"webview","_parent":{"__id__":1},"_components":[{"__type__":"cc.WebView","node":{"__id__":3},"_useOriginalSize":false,"_url":"https://www.baidu.com"},{"__type__":"cc.Widget","node":{"__id__":3},"_alignFlags":45,"_left":170,"_right":170,"_originalWidth":300,"_originalHeight":200}],"_prefab":{"__type__":"cc.PrefabInfo","root":{"__id__":1},"fileId":"37bd7pzVDBLCp39iqwkngQA"},"_contentSize":{"__type__":"cc.Size","width":1260,"height":900}},{"__type__":"cc.Node","_name":"homeBtn","_parent":{"__id__":1},"_components":[{"__type__":"cc.Sprite","node":{"__id__":4},"_spriteFrame":{"__uuid__":"64d5e9a4-fcce-466c-888d-04b336d0e65c"}},{"__type__":"cc.Button","node":{"__id__":4},"transition":3,"pressedColor":{"__type__":"cc.Color","r":255,"g":255,"b":255},"pressedSprite":{"__uuid__":"e9ec654c-97a2-4787-9325-e6a10375219a"},"hoverSprite":{"__uuid__":"e9ec654c-97a2-4787-9325-e6a10375219a"},"_N$normalColor":{"__type__":"cc.Color","r":255,"g":255,"b":255},"_N$disabledColor":{"__type__":"cc.Color","r":255,"g":255,"b":255},"_N$normalSprite":{"__uuid__":"f0048c10-f03e-4c97-b9d3-3506e1d58952"},"_N$disabledSprite":{"__uuid__":"29158224-f8dd-4661-a796-1ffab537140e"},"_N$target":{"__id__":4}},{"__type__":"cc.Widget","node":{"__id__":4},"_alignFlags":9,"_left":10,"_top":10}],"_prefab":{"__type__":"cc.PrefabInfo","root":{"__id__":1},"fileId":"5a0e3X0MOpD8LbeFH5mRgXo"},"_contentSize":{"__type__":"cc.Size","width":170,"height":170},"_scaleX":0.8,"_scaleY":0.8,"_position":{"__type__":"cc.Vec2","x":-722,"y":372}}],{"__type__":"cc.SpriteFrame","content":{"name":"default_btn_pressed","texture":"b43ff3c2-02bb-4874-81f7-f2dea6970f18","rect":[0,0,40,40],"offset":[0,0],"originalSize":[40,40],"capInsets":[11,11,11,7]}},{"__type__":"cc.SpriteFrame","content":{"name":"default_btn_normal","texture":"e851e89b-faa2-4484-bea6-5c01dd9f06e2","rect":[0,0,40,40],"offset":[0,0],"originalSize":[40,40],"capInsets":[8,11,7,9]}}]