[{"__type__":"cc.SpriteFrame","content":{"name":"default_sprite_splash","texture":"0275e94c-56a7-410f-bd1a-fc7483f7d14a","rect":[0,0,2,2],"offset":[0,0],"originalSize":[2,2]}},[{"__type__":"cc.Prefab","_name":"QRCode","data":{"__id__":1},"asyncLoadAssets":false},{"__type__":"cc.Node","_name":"QRCode","_children":[{"__id__":2},{"__id__":3},{"__id__":4}],"_components":[{"__type__":"cc.Widget","node":{"__id__":1},"_alignFlags":45},{"__type__":"ab18bzWrD9DiZ7gYnGxSR3b","node":{"__id__":1},"qrcode":{"__id__":3}}],"_prefab":{"__type__":"cc.PrefabInfo","root":{"__id__":1},"fileId":"2325f8eMfdCsYAMGuDZ85Zk"},"_contentSize":{"__type__":"cc.Size","width":640,"height":1136},"_position":{"__type__":"cc.Vec2","x":320,"y":568}},{"__type__":"cc.Node","_name":"bg","_parent":{"__id__":1},"_components":[{"__type__":"cc.Sprite","node":{"__id__":2},"_spriteFrame":{"__uuid__":"a23235d1-15db-4b95-8439-a2e005bfff91"},"_sizeMode":0},{"__type__":"cc.Widget","node":{"__id__":2},"_alignFlags":45,"_left":-800,"_right":-800,"_top":-450,"_bottom":-450,"_originalWidth":100,"_originalHeight":100},{"__type__":"cc.Button","node":{"__id__":2},"clickEvents":[{"__type__":"cc.ClickEvent","target":{"__id__":1},"component":"QRCodeScript","handler":"clickClose"}],"_N$target":{"__id__":2}}],"_prefab":{"__type__":"cc.PrefabInfo","root":{"__id__":1},"fileId":"eea87Tc8oxLVaKBhhu32k1C"},"_opacity":200,"_color":{"__type__":"cc.Color"},"_contentSize":{"__type__":"cc.Size","width":2240,"height":2036}},{"__type__":"cc.Node","_name":"qrcode","_parent":{"__id__":1},"_components":[{"__type__":"cc.Sprite","node":{"__id__":3}},{"__type__":"cc.Button","node":{"__id__":3},"transition":3,"zoomScale":1.1,"_N$target":{"__id__":3}}],"_prefab":{"__type__":"cc.PrefabInfo","root":{"__id__":1},"fileId":"6a7fc+uZchNW4y7+pgcpR9i"},"_contentSize":{"__type__":"cc.Size","width":40,"height":36}},{"__type__":"cc.Node","_name":"desc","_parent":{"__id__":1},"_components":[{"__type__":"cc.Label","node":{"__id__":4},"_useOriginalSize":false,"_actualFontSize":80,"_fontSize":80,"_lineHeight":100,"_N$string":"请用微信扫一扫支付, 按返回键或点击其它退出","_N$horizontalAlign":1,"_N$verticalAlign":1},{"__type__":"cc.Widget","node":{"__id__":4},"_alignFlags":4,"_bottom":110}],"_prefab":{"__type__":"cc.PrefabInfo","root":{"__id__":1},"fileId":"804bcmOkB5Fraah8lH6VV04"},"_contentSize":{"__type__":"cc.Size","width":1644.45,"height":100},"_position":{"__type__":"cc.Vec2","y":-408}}]]