[{"__type__":"cc.SpriteFrame","content":{"name":"bar","texture":"15fc12b5-ab10-4aac-8324-40ded91ebc99","rect":[0,0,64,64],"offset":[0,0],"originalSize":[64,64],"capInsets":[13,12,14,11]}},{"__type__":"cc.SpriteFrame","content":{"name":"default_panel","texture":"d81ec8ad-247c-4e62-aa3c-d35c4193c7af","rect":[0,0,20,20],"offset":[0,0],"originalSize":[20,20],"capInsets":[4,3,4,3]}},[{"__type__":"cc.SceneAsset","_name":"hotupdateScene","scene":{"__id__":1},"asyncLoadAssets":false},{"__type__":"cc.Scene","_name":"New Node","_children":[{"__id__":2}],"_anchorPoint":{"__type__":"cc.Vec2"},"autoReleaseAssets":false},{"__type__":"cc.Node","_name":"Canvas","_parent":{"__id__":1},"_children":[{"__id__":3}],"_components":[{"__type__":"cc.Canvas","node":{"__id__":2},"_designResolution":{"__type__":"cc.Size","width":1600,"height":900},"_fitWidth":true,"_fitHeight":false}],"_id":"1a0b16KA/xMhIYcQj7t7y5X","_contentSize":{"__type__":"cc.Size","width":1600,"height":900},"_position":{"__type__":"cc.Vec2","x":800,"y":450}},{"__type__":"cc.Node","_name":"layout","_parent":{"__id__":2},"_children":[{"__id__":4},{"__id__":5}],"_components":[{"__type__":"cc.Sprite","node":{"__id__":3},"_spriteFrame":{"__uuid__":"9bbda31e-ad49-43c9-aaf2-f7d9896bac69"},"_type":1,"_sizeMode":0},{"__type__":"cc.Widget","node":{"__id__":3},"_alignFlags":45,"_originalWidth":1280,"_originalHeight":720}],"_contentSize":{"__type__":"cc.Size","width":1600,"height":900}},{"__type__":"cc.Node","_name":"openAniSkeleton","_parent":{"__id__":3},"_components":[{"__type__":"dragonBones.ArmatureDisplay","node":{"__id__":4},"_armatureName":"benti","_animationName":"kaichang","_N$dragonAsset":{"__uuid__":"99da04c5-0ed1-4ffd-ba3f-a3448f9e4af2"},"_N$dragonAtlasAsset":{"__uuid__":"06c71f6d-2823-4d88-aca6-273a721882d9"}},{"__type__":"cc.Widget","node":{"__id__":4},"_enabled":false,"_alignFlags":45,"_left":-1023,"_right":1023,"_top":-1138,"_bottom":1138,"_originalWidth":40,"_originalHeight":40}],"_anchorPoint":{"__type__":"cc.Vec2","x":0.5},"_position":{"__type__":"cc.Vec2","y":100}},{"__type__":"cc.Node","_name":"updateInfo","_parent":{"__id__":3},"_children":[{"__id__":6},{"__id__":8}],"_components":[{"__type__":"cc.Widget","node":{"__id__":5},"_alignFlags":45,"_left":0.1484375,"_right":0.1484375,"_top":0.6083333333333335,"_bottom":0.11388888888888904,"_isAbsLeft":false,"_isAbsRight":false,"_isAbsTop":false,"_isAbsBottom":false,"_originalWidth":900,"_originalHeight":200},{"__type__":"cc.Layout","node":{"__id__":5},"_layoutSize":{"__type__":"cc.Size","width":1125,"height":249.99999999999977}},{"__type__":"25bdeOIi0dCzYORNmZu9j/y","node":{"__id__":5},"hintLabel":{"__id__":7},"progressBar":{"__id__":11},"defaultManifestUrl":{"__uuid__":"e78121dd-a3ad-41c1-932c-edc6c1dc5fe8"},"sslManifestUrl":{"__uuid__":"1c2256d9-0443-44d7-ab63-2d0a20d56b5c"}}],"_contentSize":{"__type__":"cc.Size","width":1125,"height":249.99999999999977},"_position":{"__type__":"cc.Vec2","y":-222.5}},{"__type__":"cc.Node","_name":"hint","_parent":{"__id__":5},"_components":[{"__id__":7}],"_color":{"__type__":"cc.Color"},"_contentSize":{"__type__":"cc.Size","width":273.34,"height":40},"_position":{"__type__":"cc.Vec2","y":31}},{"__type__":"cc.Label","node":{"__id__":6},"_useOriginalSize":false,"_N$string":"正在检查更新...","_N$horizontalAlign":1,"_N$verticalAlign":1},{"__type__":"cc.Node","_name":"progressBar","_parent":{"__id__":5},"_children":[{"__id__":9}],"_components":[{"__type__":"cc.Sprite","node":{"__id__":8},"_spriteFrame":{"__uuid__":"6acd2807-251f-47f5-9e49-f7fa05ad1fad"},"_type":1,"_sizeMode":0},{"__id__":11}],"_color":{"__type__":"cc.Color","r":225,"g":225,"b":225},"_contentSize":{"__type__":"cc.Size","width":900,"height":32},"_position":{"__type__":"cc.Vec2","y":-58}},{"__type__":"cc.Node","_name":"bar","_parent":{"__id__":8},"_components":[{"__id__":10}],"_color":{"__type__":"cc.Color","r":51,"g":204,"b":255},"_anchorPoint":{"__type__":"cc.Vec2","y":0.5},"_contentSize":{"__type__":"cc.Size","width":450,"height":32},"_position":{"__type__":"cc.Vec2","x":-450}},{"__type__":"cc.Sprite","node":{"__id__":9},"_spriteFrame":{"__uuid__":"6acd2807-251f-47f5-9e49-f7fa05ad1fad"},"_type":1,"_sizeMode":0},{"__type__":"cc.ProgressBar","node":{"__id__":8},"_N$totalLength":900,"_N$barSprite":{"__id__":10},"_N$progress":0.5}]]