{
  "version": "1.0",
  "roms": [

    {
      "title": "斧王 - Astyanax",
      "romFile": "astyanax.nes",
      "imagePath": "astyanax.jpg",
      "desc": "斧王 - Astyanax",
      "manifest": {
        "searchPaths": {},
        "version": "0",
        "packageUrl": "http://cdn.qiyimofang.com/Emulator/roms/",
        "remoteManifestUrl": "http://cdn.qiyimofang.com/Emulator/roms/default/astyanax.manifest"
      }
    },
    {
      "title": "蝙蝠侠 - Batman",
      "romFile": "batman.nes",
      "imagePath": "batman.jpg",
      "desc": "蝙蝠侠 - Batman",
      "manifest": {
        "searchPaths": {},
        "version": "0",
        "packageUrl": "http://cdn.qiyimofang.com/Emulator/roms/",
        "remoteManifestUrl": "http://cdn.qiyimofang.com/Emulator/roms/default/batman.manifest"
      }
    },
    {
      "title": "地狱极乐丸 - Blades",
      "romFile": "blades.nes",
      "imagePath": "blades.jpg",
      "desc": "地狱极乐丸 - Blades",
      "manifest": {
        "searchPaths": {},
        "version": "0",
        "packageUrl": "http://cdn.qiyimofang.com/Emulator/roms/",
        "remoteManifestUrl": "http://cdn.qiyimofang.com/Emulator/roms/default/blades.manifest"
      }
    },
    {
      "title": "救援队长 - CaptainSaver",
      "romFile": "captainsaver.nes",
      "imagePath": "captainsaver.jpg",
      "desc": "救援队长 - CaptainSaver",
      "manifest": {
        "searchPaths": {},
        "version": "0",
        "packageUrl": "http://cdn.qiyimofang.com/Emulator/roms/",
        "remoteManifestUrl": "http://cdn.qiyimofang.com/Emulator/roms/default/captainsaver.manifest"
      }
    },
    {
      "title": "SD街头快打(快打旋风)",
      "romFile": "sd街头快打(快打旋风).nes",
      "imagePath": "sd街头快打(快打旋风).jpg",
      "desc": "SD街头快打(快打旋风)",
      "manifest": {
        "searchPaths": {},
        "version": "0",
        "packageUrl": "http://cdn.qiyimofang.com/Emulator/roms/",
        "remoteManifestUrl": "http://cdn.qiyimofang.com/Emulator/roms/default/sd街头快打(快打旋风).manifest"
      }
    },
    {
      "title": "超级玛丽USA - SuperMario USA",
      "romFile": "supermariousa.nes",
      "imagePath": "supermariousa.jpg",
      "desc": "超级玛丽USA - SuperMario USA",
      "manifest": {
        "searchPaths": {},
        "version": "0",
        "packageUrl": "http://cdn.qiyimofang.com/Emulator/roms/",
        "remoteManifestUrl": "http://cdn.qiyimofang.com/Emulator/roms/default/supermariousa.manifest"
      }
    },
    {
      "title": "超音鼠与纳克鲁斯5 - SuperSonic 5",
      "romFile": "supersonic5.nes",
      "imagePath": "supersonic5.jpg",
      "desc": "超音鼠与纳克鲁斯5 - SuperSonic 5",
      "manifest": {
        "searchPaths": {},
        "version": "0",
        "packageUrl": "http://cdn.qiyimofang.com/Emulator/roms/",
        "remoteManifestUrl": "http://cdn.qiyimofang.com/Emulator/roms/default/supersonic5.manifest"
      }
    },
    {
      "title": "三目童子",
      "romFile": "三目童子.nes",
      "imagePath": "三目童子.jpg",
      "desc": "三目童子",
      "manifest": {
        "searchPaths": {},
        "version": "0",
        "packageUrl": "http://cdn.qiyimofang.com/Emulator/roms/",
        "remoteManifestUrl": "http://cdn.qiyimofang.com/Emulator/roms/default/三目童子.manifest"
      }
    },
    {
      "title": "大金刚1",
      "romFile": "大金刚1.nes",
      "imagePath": "大金刚1.jpg",
      "desc": "大金刚1",
      "manifest": {
        "searchPaths": {},
        "version": "0",
        "packageUrl": "http://cdn.qiyimofang.com/Emulator/roms/",
        "remoteManifestUrl": "http://cdn.qiyimofang.com/Emulator/roms/default/大金刚1.manifest"
      }
    },
    {
      "title": "大金刚2",
      "romFile": "大金刚2.nes",
      "imagePath": "大金刚2.jpg",
      "desc": "大金刚2",
      "manifest": {
        "searchPaths": {},
        "version": "0",
        "packageUrl": "http://cdn.qiyimofang.com/Emulator/roms/",
        "remoteManifestUrl": "http://cdn.qiyimofang.com/Emulator/roms/default/大金刚2.manifest"
      }
    },
    {
      "title": "大金刚3",
      "romFile": "大金刚3.nes",
      "imagePath": "大金刚3.jpg",
      "desc": "大金刚3",
      "manifest": {
        "searchPaths": {},
        "version": "0",
        "packageUrl": "http://cdn.qiyimofang.com/Emulator/roms/",
        "remoteManifestUrl": "http://cdn.qiyimofang.com/Emulator/roms/default/大金刚3.manifest"
      }
    },
    {
      "title": "西天取经",
      "romFile": "西天取经.nes",
      "imagePath": "西天取经.jpg",
      "desc": "西天取经",
      "manifest": {
        "searchPaths": {},
        "version": "0",
        "packageUrl": "http://cdn.qiyimofang.com/Emulator/roms/",
        "remoteManifestUrl": "http://cdn.qiyimofang.com/Emulator/roms/default/西天取经.manifest"
      }
    },
    {
      "title": "西天取经2",
      "romFile": "西天取经2.nes",
      "imagePath": "西天取经2.jpg",
      "desc": "西天取经2",
      "manifest": {
        "searchPaths": {},
        "version": "0",
        "packageUrl": "http://cdn.qiyimofang.com/Emulator/roms/",
        "remoteManifestUrl": "http://cdn.qiyimofang.com/Emulator/roms/default/西天取经2.manifest"
      }
    },
    {
      "title": "西游记2",
      "romFile": "西游记2.nes",
      "imagePath": "西游记2.jpg",
      "desc": "西游记2",
      "manifest": {
        "searchPaths": {},
        "version": "0",
        "packageUrl": "http://cdn.qiyimofang.com/Emulator/roms/",
        "remoteManifestUrl": "http://cdn.qiyimofang.com/Emulator/roms/default/西游记2.manifest"
      }
    },
    {
      "title": "超级玛丽泣兔狩版",
      "romFile": "超级玛丽泣兔狩版.nes",
      "imagePath": "超级玛丽泣兔狩版.jpg",
      "desc": "超级玛丽泣兔狩版 - Mario Rabbit",
      "manifest": {
        "searchPaths": {},
        "version": "0",
        "packageUrl": "http://cdn.qiyimofang.com/Emulator/roms/",
        "remoteManifestUrl": "http://cdn.qiyimofang.com/Emulator/roms/default/超级玛丽泣兔狩版.manifest"
      }
    },


    {
      "title": "炸弹人",
      "romFile": "炸弹人.nes",
      "imagePath": "炸弹人.jpg",
      "desc": "使用炸弹消灭敌人，并寻找隐藏出口的系列动作游戏二代。设有武器威力提升系统。",
      "manifest": {
        "searchPaths": {},
        "version": "0",
        "packageUrl": "http://cdn.qiyimofang.com/Emulator/roms/",
        "remoteManifestUrl": "http://cdn.qiyimofang.com/Emulator/roms/default/炸弹人.manifest"
      }
    },
    {
      "title": "西游记1",
      "romFile": "西游记1.nes",
      "imagePath": "西游记1.jpg",
      "desc": "FC版西游记ワールド是日本人用中国古代神话小说《西游记》里的一些人物素材改编设计的倾向于ACT类型游戏的ARPG游戏，剧情与画风虽然严重不符合中国玩家心目中的西游记，但是如果无视剧情，把它纯粹当作一款游戏来玩的话，会发现其的闪光点的。",
      "manifest": {
        "searchPaths": {},
        "version": "0",
        "packageUrl": "http://cdn.qiyimofang.com/Emulator/roms/",
        "remoteManifestUrl": "http://cdn.qiyimofang.com/Emulator/roms/default/西游记1.manifest"
      }
    },
    {
      "title": "三十六计",
      "romFile": "三十六计.nes",
      "imagePath": "三十六计.jpg",
      "desc": "经典策略游戏，打骰子决定前进频数，并进入相应战斗页面，有大富翁的影子。",
      "manifest": {
        "searchPaths": {},
        "version": "0",
        "packageUrl": "http://cdn.qiyimofang.com/Emulator/roms/",
        "remoteManifestUrl": "http://cdn.qiyimofang.com/Emulator/roms/default/三十六计.manifest"
      }
    },
    {
      "title": "邦尼兔-疯狂城堡",
      "romFile": "邦尼兔-疯狂城堡.nes",
      "imagePath": "邦尼兔-疯狂城堡.jpg",
      "desc": "帮助兔子芭比闯出城堡，吃到更多的萝卜，并消灭大灰狼。",
      "manifest": {
        "searchPaths": {},
        "version": "0",
        "packageUrl": "http://cdn.qiyimofang.com/Emulator/roms/",
        "remoteManifestUrl": "http://cdn.qiyimofang.com/Emulator/roms/default/邦尼兔-疯狂城堡.manifest"
      }
    },
    {
      "title": "忍者猫",
      "romFile": "忍者猫.nes",
      "imagePath": "忍者猫.jpg",
      "desc": "在每个版面均可选择三位主角之一进行的动作游戏，在途中还可以换用其它4位同伴，每位同伴的能力各异，要活用这些同伴才可过关。",
      "manifest": {
        "searchPaths": {},
        "version": "0",
        "packageUrl": "http://cdn.qiyimofang.com/Emulator/roms/",
        "remoteManifestUrl": "http://cdn.qiyimofang.com/Emulator/roms/default/忍者猫.manifest"
      }
    },
    {
      "title": "魂斗罗1",
      "romFile": "魂斗罗1.nes",
      "imagePath": "魂斗罗1.jpg",
      "desc": "和《超级玛丽》一样，《魂斗罗》也是任天堂FC游戏中的优秀代表作品，是我们童年美好的回忆。《魂斗罗》关卡制作精良，多种武器道具，优美的音乐，极佳的操作感使它在玩家心中有着非常高的地位。",
      "manifest": {
        "searchPaths": {},
        "version": "0",
        "packageUrl": "http://cdn.qiyimofang.com/Emulator/roms/",
        "remoteManifestUrl": "http://cdn.qiyimofang.com/Emulator/roms/default/魂斗罗1.manifest"
      }
    },
    {
      "title": "魂斗罗2",
      "romFile": "魂斗罗2.nes",
      "imagePath": "魂斗罗2.jpg",
      "desc": "著名动作射击游戏《魂斗罗》的续作。取消了前作中的部分3D版面关卡，而增加了以上方视角进行战斗的模式。武器提升系统及操作系统均与前作相同。",
      "manifest": {
        "searchPaths": {},
        "version": "0",
        "packageUrl": "http://cdn.qiyimofang.com/Emulator/roms/",
        "remoteManifestUrl": "http://cdn.qiyimofang.com/Emulator/roms/default/魂斗罗2.manifest"
      }
    },
    {
      "title": "魂斗罗3",
      "romFile": "魂斗罗3.nes",
      "imagePath": "魂斗罗3.jpg",
      "desc": "《魂斗罗力量》是魂斗罗家用机上第3部、全机型第6部作品，因此又被玩家叫作魂斗罗3代或魂斗罗6代，是科乐美公司于1992年，只有在美国地区发售的FC游戏。该作非魂斗罗系列主线剧情，算是外传。游戏中可以中途切换角色，四人拥有独自的残机数与目前武装。还可以呼叫CPU角色援护玩家约5秒的时间，援护方式可以选择，使用次数无限，但援护后该角色的武装会消失。",
      "manifest": {
        "searchPaths": {},
        "version": "0",
        "packageUrl": "http://cdn.qiyimofang.com/Emulator/roms/",
        "remoteManifestUrl": "http://cdn.qiyimofang.com/Emulator/roms/default/魂斗罗3.manifest"
      }
    },
    {
      "title": "超级玛丽1",
      "romFile": "超级玛丽1.nes",
      "imagePath": "超级玛丽1.jpg",
      "desc": "《超级马里奥兄弟》（简称《超级玛丽》，香港俗称“孖宝兄弟”）是任天堂于1985年出品的著名横版过关游戏，作为1983年游戏《马里奥兄弟》的续作在FC红白机上推出。在游戏《超级马里奥兄弟》中，玩家控制马里奥从库巴手上设法营救桃子公主（后成为碧琪公主）。马里奥的弟弟路易只能在游戏的多人模式中作为第二玩家加入，其角色情节与马里奥完全相同，但路易基跳得比马里奥高一点，跑得比马里奥慢。",
      "manifest": {
        "searchPaths": {},
        "version": "0",
        "packageUrl": "http://cdn.qiyimofang.com/Emulator/roms/",
        "remoteManifestUrl": "http://cdn.qiyimofang.com/Emulator/roms/default/超级玛丽1.manifest"
      }
    },
    {
      "title": "超级玛丽3",
      "romFile": "超级玛丽3.nes",
      "imagePath": "超级玛丽3.jpg",
      "desc": "《超级玛丽3》是任天堂在FC平台上发布的一个经典冒险类游戏，日渐成熟的技术在前作《超级玛丽2》的基础上又做了大量的调整，不管是操作 手感还是游戏画面都得到较大的改进，使得喜爱超级玛丽系列的玩家更为深入的爱上了这款游戏。",
      "manifest": {
        "searchPaths": {},
        "version": "0",
        "packageUrl": "http://cdn.qiyimofang.com/Emulator/roms/",
        "remoteManifestUrl": "http://cdn.qiyimofang.com/Emulator/roms/default/超级玛丽3.manifest"
      }
    },
    {
      "title": "双截龙2",
      "romFile": "双截龙2.nes",
      "imagePath": "双截龙2.jpg",
      "desc": "双截龙2",
      "manifest": {
        "searchPaths": {},
        "version": "0",
        "packageUrl": "http://cdn.qiyimofang.com/Emulator/roms/",
        "remoteManifestUrl": "http://cdn.qiyimofang.com/Emulator/roms/default/双截龙2.manifest"
      }
    },
    {
      "title": "双截龙3",
      "romFile": "双截龙3.nes",
      "imagePath": "双截龙3.jpg",
      "desc": "双截龙3",
      "manifest": {
        "searchPaths": {},
        "version": "0",
        "packageUrl": "http://cdn.qiyimofang.com/Emulator/roms/",
        "remoteManifestUrl": "http://cdn.qiyimofang.com/Emulator/roms/default/双截龙3.manifest"
      }
    },
    {
      "title": "导弹坦克",
      "romFile": "导弹坦克.nes",
      "imagePath": "导弹坦克.jpg",
      "desc": "导弹坦克",
      "manifest": {
        "searchPaths": {},
        "version": "0",
        "packageUrl": "http://cdn.qiyimofang.com/Emulator/roms/",
        "remoteManifestUrl": "http://cdn.qiyimofang.com/Emulator/roms/default/导弹坦克.manifest"
      }
    },
    {
      "title": "忍者神龟3",
      "romFile": "忍者神龟3.nes",
      "imagePath": "忍者神龟3.jpg",
      "desc": "《FC忍者神龟3》是由KONAMI开发的一款红白机动作游戏，游戏改编自1984年发行的同名漫画，四个武功高强的忍者神龟和他们的老师斯普林达，为了保卫城市家园而和这个城市的邪恶势力做斗争，四个性格不一的忍者神龟拿着不同的武器以及不同的招式，和敌人英勇战斗。",
      "manifest": {
        "searchPaths": {},
        "version": "0",
        "packageUrl": "http://cdn.qiyimofang.com/Emulator/roms/",
        "remoteManifestUrl": "http://cdn.qiyimofang.com/Emulator/roms/default/忍者神龟3.manifest"
      }
    },
    {
      "title": "热血物语",
      "romFile": "热血物语.nes",
      "imagePath": "热血物语.jpg",
      "desc": "设有拳击及体力槽的热血系列游戏。是带有RPG色彩的街头斗殴游戏。",
      "manifest": {
        "searchPaths": {},
        "version": "0",
        "packageUrl": "http://cdn.qiyimofang.com/Emulator/roms/",
        "remoteManifestUrl": "http://cdn.qiyimofang.com/Emulator/roms/default/热血物语.manifest"
      }
    },
    {
      "title": "热血篮球",
      "romFile": "热血篮球.nes",
      "imagePath": "热血篮球.jpg",
      "desc": "热血篮球",
      "manifest": {
        "searchPaths": {},
        "version": "0",
        "packageUrl": "http://cdn.qiyimofang.com/Emulator/roms/",
        "remoteManifestUrl": "http://cdn.qiyimofang.com/Emulator/roms/default/热血篮球.manifest"
      }
    },
    {
      "title": "热血足球",
      "romFile": "热血足球.nes",
      "imagePath": "热血足球.jpg",
      "desc": "热血足球",
      "manifest": {
        "searchPaths": {},
        "version": "0",
        "packageUrl": "http://cdn.qiyimofang.com/Emulator/roms/",
        "remoteManifestUrl": "http://cdn.qiyimofang.com/Emulator/roms/default/热血足球.manifest"
      }
    },
    {
      "title": "热血进行曲",
      "romFile": "热血进行曲.nes",
      "imagePath": "热血进行曲.jpg",
      "desc": "热血进行曲",
      "manifest": {
        "searchPaths": {},
        "version": "0",
        "packageUrl": "http://cdn.qiyimofang.com/Emulator/roms/",
        "remoteManifestUrl": "http://cdn.qiyimofang.com/Emulator/roms/default/热血进行曲.manifest"
      }
    },
    {
      "title": "上尉密令",
      "romFile": "上尉密令.nes",
      "imagePath": "上尉密令.jpg",
      "desc": "美国队长的战友幻视和钢铁侠被大反派满大人击倒，生死不明。是否暗示着什么巨大的事件要发生？于是队长和鹰眼出发了营救幻视与钢铁侠。\r这游戏取材于美式漫画《美国队长》，人物大都是身材魁梧，肌肉发达的大叔。（汗-_-）从游戏性的角度来讲，还是很成功的一部作品。而且还有双人格斗模式。",
      "manifest": {
        "searchPaths": {},
        "version": "0",
        "packageUrl": "http://cdn.qiyimofang.com/Emulator/roms/",
        "remoteManifestUrl": "http://cdn.qiyimofang.com/Emulator/roms/default/上尉密令.manifest"
      }
    },
    {
      "title": "卡诺夫",
      "romFile": "卡诺夫.nes",
      "imagePath": "卡诺夫.jpg",
      "desc": "《卡诺夫》是南梦宫（NAMCO）在1987年12月18日在FC平台上出品的一款游戏。\n游戏属于动作ACT类型，被FAMI通的评分是18.4分，这游戏在当时是一款相当出众的游戏，后来在街机上推出了同样的作品。游戏一共分为八关，每关都有各自的BOSS，该游戏有一定的难度。游戏的剧情是“平和的国度阿库拉米那被魔物占领了，人民生灵涂炭，上帝（又说真主）派遣卡诺夫去打击魔物”。卡诺夫是一位历史上的神话人物，据说是一位伊斯兰神话人物。",
      "manifest": {
        "searchPaths": {},
        "version": "0",
        "packageUrl": "http://cdn.qiyimofang.com/Emulator/roms/",
        "remoteManifestUrl": "http://cdn.qiyimofang.com/Emulator/roms/default/卡诺夫.manifest"
      }
    },
    {
      "title": "冒险岛1",
      "romFile": "冒险岛1.nes",
      "imagePath": "冒险岛1.jpg",
      "desc": "和超级马里奥，索尼克等游戏一样，这是一款2D横向卷轴游戏。其实冒险岛并非是HUDSON的原创作品，HUDSON是从Westone（《神奇男孩》的开发者）得到游戏的授权。游戏的目的是救出主角高桥名人的恋人蒂娜。整个游戏共有8个场景，而每一个场景又包括4个阶段。主角会在最后一个阶段的结尾遇到BOSS角色。只有打倒了BOSS（弱点在头部）才可以顺利通关，对付BOSS的难度随着场景数的增加而增加（比如打倒场景1的BOSS只需攻击8次，以后场景数每增加1攻击数目增加2，到了场景8需攻击22次方能打倒BOSS）。",
      "manifest": {
        "searchPaths": {},
        "version": "0",
        "packageUrl": "http://cdn.qiyimofang.com/Emulator/roms/",
        "remoteManifestUrl": "http://cdn.qiyimofang.com/Emulator/roms/default/冒险岛1.manifest"
      }
    },
    {
      "title": "冒险岛2",
      "romFile": "冒险岛2.nes",
      "imagePath": "冒险岛2.jpg",
      "desc": "《高桥名人之大冒险岛2》是日本游戏制造商Hudson公司制作的一款动作类SFC游戏。在游戏中如主角撞上敌方角色，巨大滚石，火焰，或落水、掉入深坑等均会导致死亡。主角可从沿途中各种物品（如水果，蛋）中摄取能量和获得新能力。新能力包括（但不限於）攻击力，滑板和妖精保护。",
      "manifest": {
        "searchPaths": {},
        "version": "0",
        "packageUrl": "http://cdn.qiyimofang.com/Emulator/roms/",
        "remoteManifestUrl": "http://cdn.qiyimofang.com/Emulator/roms/default/冒险岛2.manifest"
      }
    },
    {
      "title": "冒险岛3",
      "romFile": "冒险岛3.nes",
      "imagePath": "冒险岛3.jpg",
      "desc": "",
      "manifest": {
        "searchPaths": {},
        "version": "0",
        "packageUrl": "http://cdn.qiyimofang.com/Emulator/roms/",
        "remoteManifestUrl": "http://cdn.qiyimofang.com/Emulator/roms/default/冒险岛3.manifest"
      }
    },
    {
      "title": "影子传说",
      "romFile": "影子传说.nes",
      "imagePath": "影子传说.jpg",
      "desc": "于1985年开发的《影子传说》改编自一部快节奏的忍者题材电影，因此整部游戏也极具电影感。FC版的移植效果还不错，虽然画面明显有所缩水，但实际的游戏性基本得以完美复制。不过，游戏的速度感还不上街机版，尤其是忍者镖的飞行速度不够快，而且同屏画面下只允许同时出现两枚飞镖。在FC版中，还新增了一种可提升主角力量与速度的补强型道具。这玩意还能帮你抵御一次攻击（当然对会吐火的家伙依然不能防御)。",
      "manifest": {
        "searchPaths": {},
        "version": "0",
        "packageUrl": "http://cdn.qiyimofang.com/Emulator/roms/",
        "remoteManifestUrl": "http://cdn.qiyimofang.com/Emulator/roms/default/影子传说.manifest"
      }
    },
    {
      "title": "淘金者",
      "romFile": "淘金者.nes",
      "imagePath": "淘金者.jpg",
      "desc": "著名智力型动作游戏的FC版。共50个版面，也可自行设定场地。躲避并攻击敌人，收集版面中金块的动作型智力游戏。",
      "manifest": {
        "searchPaths": {},
        "version": "0",
        "packageUrl": "http://cdn.qiyimofang.com/Emulator/roms/",
        "remoteManifestUrl": "http://cdn.qiyimofang.com/Emulator/roms/default/淘金者.manifest"
      }
    },
    {
      "title": "勇者斗恶龙1",
      "romFile": "勇者斗恶龙1.nes",
      "imagePath": "勇者斗恶龙1.jpg",
      "desc": "具有深刻意义及价值的RPG始祖经典名作，由本作品掀起了业界的一阵强烈的旋风，更由此奠定了RPG的地位。",
      "manifest": {
        "searchPaths": {},
        "version": "0",
        "packageUrl": "http://cdn.qiyimofang.com/Emulator/roms/",
        "remoteManifestUrl": "http://cdn.qiyimofang.com/Emulator/roms/default/勇者斗恶龙1.manifest"
      }
    },
    {
      "title": "勇者斗恶龙6",
      "romFile": "勇者斗恶龙6.nes",
      "imagePath": "勇者斗恶龙6.jpg",
      "desc": "勇者斗恶龙6",
      "manifest": {
        "searchPaths": {},
        "version": "0",
        "packageUrl": "http://cdn.qiyimofang.com/Emulator/roms/",
        "remoteManifestUrl": "http://cdn.qiyimofang.com/Emulator/roms/default/勇者斗恶龙6.manifest"
      }
    },
    {
      "title": "勇者斗恶龙8",
      "romFile": "勇者斗恶龙8.nes",
      "imagePath": "勇者斗恶龙8.jpg",
      "desc": "勇者斗恶龙8",
      "manifest": {
        "searchPaths": {},
        "version": "0",
        "packageUrl": "http://cdn.qiyimofang.com/Emulator/roms/",
        "remoteManifestUrl": "http://cdn.qiyimofang.com/Emulator/roms/default/勇者斗恶龙8.manifest"
      }
    },
    {
      "title": "唐老鸭的世界",
      "romFile": "唐老鸭的世界.nes",
      "imagePath": "唐老鸭的世界.jpg",
      "desc": "可设定3种难度的动作冒险游戏，共5个版面，可参考地图进行。",
      "manifest": {
        "searchPaths": {},
        "version": "0",
        "packageUrl": "http://cdn.qiyimofang.com/Emulator/roms/",
        "remoteManifestUrl": "http://cdn.qiyimofang.com/Emulator/roms/default/唐老鸭的世界.manifest"
      }
    },
    {
      "title": "雪人兄弟",
      "romFile": "雪人兄弟.nes",
      "imagePath": "雪人兄弟.jpg",
      "desc": "《雪人兄弟》是一款东亚企划(Toaplan)于1990年开发的街机平台动作游戏，1991年由东亚企划移植推出任天堂FC版，同年由加贺电子(NAXAT)于GB平台推出掌机版《雪人兄弟Jr（スノーブラザーズ・ジュニア）》，1993年由TengenInc.推出世嘉MD版。海外版NES(FC)和GB版的雪人兄弟由Capcom美国代理发行（日本国内版《雪人兄弟》开发与发行与Capcom无关）。",
      "manifest": {
        "searchPaths": {},
        "version": "0",
        "packageUrl": "http://cdn.qiyimofang.com/Emulator/roms/",
        "remoteManifestUrl": "http://cdn.qiyimofang.com/Emulator/roms/default/雪人兄弟.manifest"
      }
    },
    {
      "title": "松鼠大作战1",
      "romFile": "松鼠大作战1.nes",
      "imagePath": "松鼠大作战1.jpg",
      "desc": "1990年，经迪士尼授权，由日本卡普空（Capcom）电视游戏公司制作的基于任天堂FC主机的电视游戏《松鼠大作战》出版发行。游戏延用迪士尼动画片《松鼠大作战》里的两只可爱花栗鼠Chip and Dale（奇奇和蒂蒂），从寻找小猫咪的委托任务开始，到摆脱肥猫陷阱与其一决高下为故事内容。可单人玩又可双人对战，可互助又可互攻，流畅度，创造力与可玩性均为同类游戏中的领军者。",
      "manifest": {
        "searchPaths": {},
        "version": "0",
        "packageUrl": "http://cdn.qiyimofang.com/Emulator/roms/",
        "remoteManifestUrl": "http://cdn.qiyimofang.com/Emulator/roms/default/松鼠大作战1.manifest"
      }
    },
    {
      "title": "松鼠大作战2",
      "romFile": "松鼠大作战2.nes",
      "imagePath": "松鼠大作战2.jpg",
      "desc": "《松鼠大作战2》是一款经典的动作冒险游戏，由卡普空制作。松鼠大作战2是人气游戏《松鼠大作战》的续作，游戏里的两只可爱的松鼠是迪士尼旗下的动画人物，相比较与前作游戏玩法基本不变，画面更加优秀，关卡众多，敌人也变得更加有挑战。",
      "manifest": {
        "searchPaths": {},
        "version": "0",
        "packageUrl": "http://cdn.qiyimofang.com/Emulator/roms/",
        "remoteManifestUrl": "http://cdn.qiyimofang.com/Emulator/roms/default/松鼠大作战2.manifest"
      }
    },
    {
      "title": "赤色要塞",
      "romFile": "赤色要塞.nes",
      "imagePath": "赤色要塞.jpg",
      "desc": "《赤色要塞（Jackal）》是由日本KONAMI公司研发的一款动作射击游戏，于1988年9月在中国大陆发售。赤色要塞与魂斗罗、绿色兵团、沙罗曼蛇并誉为“四强”，风靡整个八十年代。当初名为“Jackal”（豺狼部队）的游戏被翻译成“赤色要塞”，是因为同年发售的日本任天堂磁碟机版的名字是“FINALCOMMAND:赤い要塞”。于是，“赤色要塞”这个我们耳熟能详的名字就这样被保留下来了，并传入了国内，成为了许许多多人童年时难忘的一段记忆。当初名为“Jackal”（豺狼部队）的游戏被翻译成“赤色要塞”，是因为同年发售的日本任天堂磁碟机版的名字是“FINALCOMMAND:赤い要塞”。于是，“赤色要塞”这个我们耳熟能详的名字就这样被保留下来了，并传入了国内，成为了许许多多人童年时难忘的一段记忆。",
      "manifest": {
        "searchPaths": {},
        "version": "0",
        "packageUrl": "http://cdn.qiyimofang.com/Emulator/roms/",
        "remoteManifestUrl": "http://cdn.qiyimofang.com/Emulator/roms/default/赤色要塞.manifest"
      }
    },
    {
      "title": "九人街霸",
      "romFile": "九人街霸.nes",
      "imagePath": "九人街霸.jpg",
      "desc": "《九人街霸》(Street Fighter Ⅲ)是FC平台上最古老的街霸游戏之一，在1994年由国人自行开发，只能选择9个人，所以也被叫做9人街霸，因为儿时的手柄的关系，其实当时想在FC上发出些帅气的招数是很难的。\n这个游戏我认为是FC上最好玩的格斗~!虽然角色之间存在着一些不平衡，但是能在FC的主机上达到这个效果，已经很不错了，是所有版本中最优秀的。",
      "manifest": {
        "searchPaths": {},
        "version": "0",
        "packageUrl": "http://cdn.qiyimofang.com/Emulator/roms/",
        "remoteManifestUrl": "http://cdn.qiyimofang.com/Emulator/roms/default/九人街霸.manifest"
      }
    },
    {
      "title": "龙珠Z超武斗传2",
      "romFile": "龙珠z超武斗传2.nes",
      "imagePath": "龙珠z超武斗传2.jpg",
      "desc": "FC游戏龙珠Z超武斗传2",
      "manifest": {
        "searchPaths": {},
        "version": "0",
        "packageUrl": "http://cdn.qiyimofang.com/Emulator/roms/",
        "remoteManifestUrl": "http://cdn.qiyimofang.com/Emulator/roms/default/龙珠z超武斗传2.manifest"
      }
    },
    {
      "title": "忍者神龟格斗",
      "romFile": "忍者神龟格斗.nes",
      "imagePath": "忍者神龟格斗.jpg",
      "desc": "忍者神龟格斗",
      "manifest": {
        "searchPaths": {},
        "version": "0",
        "packageUrl": "http://cdn.qiyimofang.com/Emulator/roms/",
        "remoteManifestUrl": "http://cdn.qiyimofang.com/Emulator/roms/default/忍者神龟格斗.manifest"
      }
    },
    {
      "title": "功夫小子",
      "romFile": "功夫小子.nes",
      "imagePath": "功夫小子.jpg",
      "desc": "功夫小子",
      "manifest": {
        "searchPaths": {},
        "version": "0",
        "packageUrl": "http://cdn.qiyimofang.com/Emulator/roms/",
        "remoteManifestUrl": "http://cdn.qiyimofang.com/Emulator/roms/default/功夫小子.manifest"
      }
    },
    {
      "title": "兵蜂3",
      "romFile": "兵蜂3.nes",
      "imagePath": "兵蜂3.jpg",
      "desc": "《兵蜂3》是一款经典的飞行射击fc游戏。兵蜂3是兵蜂系列在FC上的第3代，这个一代回归了第一代的那种竖版过关模式，整体的感觉也是第一代的延续，不过难度上比起第一代还是要有挑战一点，并且3代中铃铛的效果也变多了，玩家们可以在游戏中亲自体验一下。这个兵蜂的第3代相比前两代，提升还是蛮明显的，不仅画面上有了比较大的改编，游戏玩法以及内容也增加了不少，而且作为兵蜂核心的打铃铛模式也还原了一代的那种样子，并且加入了更多的效果，比如加速、子弹、无敌、生命等等，而且难度也有所上升，小编测试的时候可是连第一关都没过……喜欢兵蜂这个系类的玩家推荐玩玩这个第三代，还是蛮值得一玩的。",
      "manifest": {
        "searchPaths": {},
        "version": "0",
        "packageUrl": "http://cdn.qiyimofang.com/Emulator/roms/",
        "remoteManifestUrl": "http://cdn.qiyimofang.com/Emulator/roms/default/兵蜂3.manifest"
      }
    },
    {
      "title": "沙罗曼蛇",
      "romFile": "沙罗曼蛇.nes",
      "imagePath": "沙罗曼蛇.jpg",
      "desc": "宇宙天魔(LifeForce)即沙罗曼蛇美版，是FC早期飞行类游戏中的经典之作。游戏中玩家控制一架飞机与敌人战斗，通过得取能量箱可改变自己的武器。敌人依关卡提升而变得越发强悍，最后一关是一只守卫敌人核心系统的龙形怪物，击败它并摧毁敌人的核心系统后，飞行速度会陡然提升以逃出即将爆炸的星球，途中会遇到大量自动伸展的防御系统拦截，令人眼花缭乱，躲过这一劫，游戏即通关。",
      "manifest": {
        "searchPaths": {},
        "version": "0",
        "packageUrl": "http://cdn.qiyimofang.com/Emulator/roms/",
        "remoteManifestUrl": "http://cdn.qiyimofang.com/Emulator/roms/default/沙罗曼蛇.manifest"
      }
    },
    {
      "title": "烈火92",
      "romFile": "烈火92.nes",
      "imagePath": "烈火92.jpg",
      "desc": "FC游戏烈火'92(汉化版)",
      "manifest": {
        "searchPaths": {},
        "version": "0",
        "packageUrl": "http://cdn.qiyimofang.com/Emulator/roms/",
        "remoteManifestUrl": "http://cdn.qiyimofang.com/Emulator/roms/default/烈火92.manifest"
      }
    },
    {
      "title": "泡泡龙2",
      "romFile": "泡泡龙2.nes",
      "imagePath": "泡泡龙2.jpg",
      "desc": "FC游戏泡泡龙的续作，是任天堂平台上一款经典的小游戏，玩家操作可爱的泡泡龙干掉呆呆的敌人。",
      "manifest": {
        "searchPaths": {},
        "version": "0",
        "packageUrl": "http://cdn.qiyimofang.com/Emulator/roms/",
        "remoteManifestUrl": "http://cdn.qiyimofang.com/Emulator/roms/default/泡泡龙2.manifest"
      }
    },
    {
      "title": "鲁邦三世",
      "romFile": "鲁邦三世.nes",
      "imagePath": "鲁邦三世.jpg",
      "desc": "鲁邦三世",
      "manifest": {
        "searchPaths": {},
        "version": "0",
        "packageUrl": "http://cdn.qiyimofang.com/Emulator/roms/",
        "remoteManifestUrl": "http://cdn.qiyimofang.com/Emulator/roms/default/鲁邦三世.manifest"
      }
    },
    {
      "title": "刺猬索尼克",
      "romFile": "刺猬索尼克.nes",
      "imagePath": "刺猬索尼克.jpg",
      "desc": "刺猬索尼克",
      "manifest": {
        "searchPaths": {},
        "version": "0",
        "packageUrl": "http://cdn.qiyimofang.com/Emulator/roms/",
        "remoteManifestUrl": "http://cdn.qiyimofang.com/Emulator/roms/default/刺猬索尼克.manifest"
      }
    },
    {
      "title": "洛克人6",
      "romFile": "洛克人6.nes",
      "imagePath": "洛克人6.jpg",
      "desc": "洛克人6",
      "manifest": {
        "searchPaths": {},
        "version": "0",
        "packageUrl": "http://cdn.qiyimofang.com/Emulator/roms/",
        "remoteManifestUrl": "http://cdn.qiyimofang.com/Emulator/roms/default/洛克人6.manifest"
      }
    },
    {
      "title": "辛巴达大冒险",
      "romFile": "辛巴达大冒险.nes",
      "imagePath": "辛巴达大冒险.jpg",
      "desc": "辛巴达和叙拉的王子普罗士从小就是好朋友，长大后两人各奔前程，辛巴达终于实现自己的愿望成为了一名海盗。",
      "manifest": {
        "searchPaths": {},
        "version": "0",
        "packageUrl": "http://cdn.qiyimofang.com/Emulator/roms/",
        "remoteManifestUrl": "http://cdn.qiyimofang.com/Emulator/roms/default/辛巴达大冒险.manifest"
      }
    },
    {
      "title": "恶魔之剑",
      "romFile": "恶魔之剑.nes",
      "imagePath": "恶魔之剑.jpg",
      "desc": "国人汉化的FC游戏恶魔之剑汉化版(不动明王传)。一个忍者游戏，主角拿一把剑，可以发飞镖，敌人都是些忍者，感觉跟影子传说有点类似。",
      "manifest": {
        "searchPaths": {},
        "version": "0",
        "packageUrl": "http://cdn.qiyimofang.com/Emulator/roms/",
        "remoteManifestUrl": "http://cdn.qiyimofang.com/Emulator/roms/default/恶魔之剑.manifest"
      }
    },
    {
      "title": "汤姆和杰瑞",
      "romFile": "汤姆和杰瑞.nes",
      "imagePath": "汤姆和杰瑞.jpg",
      "desc": "游戏者要控制小老鼠杰瑞，运用机智及借助同伴的帮助与汤姆猫作战的动作游戏。由地下室开始游戏，全部共有15个场地。",
      "manifest": {
        "searchPaths": {},
        "version": "0",
        "packageUrl": "http://cdn.qiyimofang.com/Emulator/roms/",
        "remoteManifestUrl": "http://cdn.qiyimofang.com/Emulator/roms/default/汤姆和杰瑞.manifest"
      }
    },
    {
      "title": "小鸡救心",
      "romFile": "小鸡救心.nes",
      "imagePath": "小鸡救心.jpg",
      "desc": "Chack'n Pop 中文名叫小鸡救心（拯救爱心），是TAITO于1983年出品的游戏。该游戏的玩法很简单，拯救被关押的红心，并成功逃脱。游戏人物可以使用炸弹，但是这个炸弹是敌我不分的，扔了后如果不及时躲避的话是会炸死的。",
      "manifest": {
        "searchPaths": {},
        "version": "0",
        "packageUrl": "http://cdn.qiyimofang.com/Emulator/roms/",
        "remoteManifestUrl": "http://cdn.qiyimofang.com/Emulator/roms/default/小鸡救心.manifest"
      }
    },
    {
      "title": "力量刀锋2",
      "romFile": "力量刀锋2.nes",
      "imagePath": "力量刀锋2.jpg",
      "desc": "力量刀锋2",
      "manifest": {
        "searchPaths": {},
        "version": "0",
        "packageUrl": "http://cdn.qiyimofang.com/Emulator/roms/",
        "remoteManifestUrl": "http://cdn.qiyimofang.com/Emulator/roms/default/力量刀锋2.manifest"
      }
    },
    {
      "title": "顽皮狗",
      "romFile": "顽皮狗.nes",
      "imagePath": "顽皮狗.jpg",
      "desc": "顽皮狗是一款好玩的FC动作冒险游戏。",
      "manifest": {
        "searchPaths": {},
        "version": "0",
        "packageUrl": "http://cdn.qiyimofang.com/Emulator/roms/",
        "remoteManifestUrl": "http://cdn.qiyimofang.com/Emulator/roms/default/顽皮狗.manifest"
      }
    },
    {
      "title": "气球战士",
      "romFile": "气球战士.nes",
      "imagePath": "气球战士.jpg",
      "desc": "由街机移植的著名动作游戏。玩者所控制的角色要击破敌人的气球获得胜利。",
      "manifest": {
        "searchPaths": {},
        "version": "0",
        "packageUrl": "http://cdn.qiyimofang.com/Emulator/roms/",
        "remoteManifestUrl": "http://cdn.qiyimofang.com/Emulator/roms/default/气球战士.manifest"
      }
    },
    {
      "title": "吃豆人",
      "romFile": "吃豆人.nes",
      "imagePath": "吃豆人.jpg",
      "desc": "《吃豆人》（Pac-Man）是一部由同名街机游戏移植至Atari 2600平台的游戏，最早由南梦宫公司于1980年在街机上推出，后由雅达利公司于1982年3月中旬发售Atari 2600版。Pac-Man最早的艺名叫Pakkuman，源于“パクパク食べる”的发音paku-paku taberu，paku-paku表示嘴巴一张一合的动作和声音，形象描绘了“我吃，故我在”的生活态度。",
      "manifest": {
        "searchPaths": {},
        "version": "0",
        "packageUrl": "http://cdn.qiyimofang.com/Emulator/roms/",
        "remoteManifestUrl": "http://cdn.qiyimofang.com/Emulator/roms/default/吃豆人.manifest"
      }
    },
    {
      "title": "小美人鱼",
      "romFile": "小美人鱼.nes",
      "imagePath": "小美人鱼.jpg",
      "desc": "",
      "manifest": {
        "searchPaths": {},
        "version": "0",
        "packageUrl": "http://cdn.qiyimofang.com/Emulator/roms/",
        "remoteManifestUrl": "http://cdn.qiyimofang.com/Emulator/roms/default/小美人鱼.manifest"
      }
    },
    {
      "title": "大力水手",
      "romFile": "大力水手.nes",
      "imagePath": "大力水手.jpg",
      "desc": "FC大力水手是一款经典的搞笑动作游戏，移植自街机版大力水手，题材来自于美国漫画大力水手Popeye，和漫画一样，各关卡有菠菜存在，主角吃到后音乐发生变化，身体变红威力提升，进入了无敌状态，Bluto急忙躲避，一旦被主角撞上，直接崩飞，像皮球一样在场景里飞来弹去直到落海，而且，Olive投下的红心、乐符、文字也会处于停止状态，主角很容易拾到，获双倍分数。",
      "manifest": {
        "searchPaths": {},
        "version": "0",
        "packageUrl": "http://cdn.qiyimofang.com/Emulator/roms/",
        "remoteManifestUrl": "http://cdn.qiyimofang.com/Emulator/roms/default/大力水手.manifest"
      }
    },
    {
      "title": "猫捉老鼠",
      "romFile": "猫捉老鼠.nes",
      "imagePath": "猫捉老鼠.jpg",
      "desc": "《快乐猫》（Mappy）又叫猫捉老鼠/猫鼠大战，是一款可玩度很高的FC动作过关游戏，玩家操控一只老鼠利用各种机关消灭小猫并取得宝物以完成通关。这款游戏背景音乐轻松，画面柔和，推荐下载。",
      "manifest": {
        "searchPaths": {},
        "version": "0",
        "packageUrl": "http://cdn.qiyimofang.com/Emulator/roms/",
        "remoteManifestUrl": "http://cdn.qiyimofang.com/Emulator/roms/default/猫捉老鼠.manifest"
      }
    },
    {
      "title": "敲冰块",
      "romFile": "敲冰块.nes",
      "imagePath": "敲冰块.jpg",
      "desc": "手持大锤攀登冰山，同时将敌人打倒的动作游戏。可二人同时进行，是FC游戏中比较耐玩的一款。",
      "manifest": {
        "searchPaths": {},
        "version": "0",
        "packageUrl": "http://cdn.qiyimofang.com/Emulator/roms/",
        "remoteManifestUrl": "http://cdn.qiyimofang.com/Emulator/roms/default/敲冰块.manifest"
      }
    },
    {
      "title": "眼镜蛇指挥官",
      "romFile": "眼镜蛇指挥官.nes",
      "imagePath": "眼镜蛇指挥官.jpg",
      "desc": "操作战斗直升机，将版面内的俘虏救出的横卷轴射击游戏。游戏中有许多地道及秘密基地。",
      "manifest": {
        "searchPaths": {},
        "version": "0",
        "packageUrl": "http://cdn.qiyimofang.com/Emulator/roms/",
        "remoteManifestUrl": "http://cdn.qiyimofang.com/Emulator/roms/default/眼镜蛇指挥官.manifest"
      }
    },
    {
      "title": "城市碰碰车",
      "romFile": "城市碰碰车.nes",
      "imagePath": "城市碰碰车.jpg",
      "desc": "红车面包车，是不是想起当时80年代很多人，很热衷开着白色面包车、或者各种颜色的面包车呢。\n回归正题--小的正方形是代表油量，也是发射子弹的唯一能源。 当然路途中的警车是比较烦人的，可以用子弹打晕警车。然后碰撞得到相应分数。",
      "manifest": {
        "searchPaths": {},
        "version": "0",
        "packageUrl": "http://cdn.qiyimofang.com/Emulator/roms/",
        "remoteManifestUrl": "http://cdn.qiyimofang.com/Emulator/roms/default/城市碰碰车.manifest"
      }
    },
    {
      "title": "前线大作战",
      "romFile": "前线大作战.nes",
      "imagePath": "前线大作战.jpg",
      "desc": "前线大作战",
      "manifest": {
        "searchPaths": {},
        "version": "0",
        "packageUrl": "http://cdn.qiyimofang.com/Emulator/roms/",
        "remoteManifestUrl": "http://cdn.qiyimofang.com/Emulator/roms/default/前线大作战.manifest"
      }
    },
    {
      "title": "火箭车",
      "romFile": "火箭车.nes",
      "imagePath": "火箭车.jpg",
      "desc": "",
      "manifest": {
        "searchPaths": {},
        "version": "0",
        "packageUrl": "http://cdn.qiyimofang.com/Emulator/roms/",
        "remoteManifestUrl": "http://cdn.qiyimofang.com/Emulator/roms/default/火箭车.manifest"
      }
    },
    {
      "title": "越野摩托",
      "romFile": "越野摩托.nes",
      "imagePath": "越野摩托.jpg",
      "desc": "",
      "manifest": {
        "searchPaths": {},
        "version": "0",
        "packageUrl": "http://cdn.qiyimofang.com/Emulator/roms/",
        "remoteManifestUrl": "http://cdn.qiyimofang.com/Emulator/roms/default/越野摩托.manifest"
      }
    },
    {
      "title": "打空气",
      "romFile": "打空气.nes",
      "imagePath": "打空气.jpg",
      "desc": "Dig Dug中文名叫打空气或叮当，是一款FC上的益智休闲游戏，玩家用气筒把敌人充气引爆，还可利用场景中的山石压死敌人，是一款可玩性很高的游戏。",
      "manifest": {
        "searchPaths": {},
        "version": "0",
        "packageUrl": "http://cdn.qiyimofang.com/Emulator/roms/",
        "remoteManifestUrl": "http://cdn.qiyimofang.com/Emulator/roms/default/打空气.manifest"
      }
    },
    {
      "title": "彩虹岛",
      "romFile": "彩虹岛.nes",
      "imagePath": "彩虹岛.jpg",
      "desc": "",
      "manifest": {
        "searchPaths": {},
        "version": "0",
        "packageUrl": "http://cdn.qiyimofang.com/Emulator/roms/",
        "remoteManifestUrl": "http://cdn.qiyimofang.com/Emulator/roms/default/彩虹岛.manifest"
      }
    },
    {
      "title": "青蛙大冒险",
      "romFile": "青蛙大冒险.nes",
      "imagePath": "青蛙大冒险.jpg",
      "desc": "《青蛙大冒险》是一款非常有意思的FC休闲闯关游戏，游戏中玩家将控制一直请外展开神奇的冒险，游戏的玩法非常简单。",
      "manifest": {
        "searchPaths": {},
        "version": "0",
        "packageUrl": "http://cdn.qiyimofang.com/Emulator/roms/",
        "remoteManifestUrl": "http://cdn.qiyimofang.com/Emulator/roms/default/青蛙大冒险.manifest"
      }
    },
    {
      "title": "彩虹小子",
      "romFile": "彩虹小子.nes",
      "imagePath": "彩虹小子.jpg",
      "desc": "彩虹小子（Parasol Henbee）咋一看还以为是横版的彩虹岛，其实大大的不同。别看人物就一把小洋伞却能做出各种各样的动作，感叹厂商的想象力丰富呀，游戏风格轻松搞笑，强烈推荐！",
      "manifest": {
        "searchPaths": {},
        "version": "0",
        "packageUrl": "http://cdn.qiyimofang.com/Emulator/roms/",
        "remoteManifestUrl": "http://cdn.qiyimofang.com/Emulator/roms/default/彩虹小子.manifest"
      }
    },
    {
      "title": "三国大乱斗战国(南晶科技)",
      "romFile": "三国大乱斗战国(南晶科技).nes",
      "imagePath": "三国大乱斗战国(南晶科技).jpg",
      "desc": "三国大乱斗战国(南晶科技)",
      "manifest": {
        "searchPaths": {},
        "version": "0",
        "packageUrl": "http://cdn.qiyimofang.com/Emulator/roms/",
        "remoteManifestUrl": "http://cdn.qiyimofang.com/Emulator/roms/default/三国大乱斗战国(南晶科技).manifest"
      }
    },
    {
      "title": "三国志4-赤壁风云",
      "romFile": "三国志4-赤壁风云.nes",
      "imagePath": "三国志4-赤壁风云.jpg",
      "desc": "三国志4-赤壁风云",
      "manifest": {
        "searchPaths": {},
        "version": "0",
        "packageUrl": "http://cdn.qiyimofang.com/Emulator/roms/",
        "remoteManifestUrl": "http://cdn.qiyimofang.com/Emulator/roms/default/三国志4-赤壁风云.manifest"
      }
    },
    {
      "title": "三国英杰传",
      "romFile": "三国英杰传.nes",
      "imagePath": "三国英杰传.jpg",
      "desc": "三国英杰传",
      "manifest": {
        "searchPaths": {},
        "version": "0",
        "packageUrl": "http://cdn.qiyimofang.com/Emulator/roms/",
        "remoteManifestUrl": "http://cdn.qiyimofang.com/Emulator/roms/default/三国英杰传.manifest"
      }
    },
    {
      "title": "唐伯虎点秋香",
      "romFile": "唐伯虎点秋香.nes",
      "imagePath": "唐伯虎点秋香.jpg",
      "desc": "唐伯虎点秋香",
      "manifest": {
        "searchPaths": {},
        "version": "0",
        "packageUrl": "http://cdn.qiyimofang.com/Emulator/roms/",
        "remoteManifestUrl": "http://cdn.qiyimofang.com/Emulator/roms/default/唐伯虎点秋香.manifest"
      }
    },
    {
      "title": "大话西游",
      "romFile": "大话西游.nes",
      "imagePath": "大话西游.jpg",
      "desc": "大话西游",
      "manifest": {
        "searchPaths": {},
        "version": "0",
        "packageUrl": "http://cdn.qiyimofang.com/Emulator/roms/",
        "remoteManifestUrl": "http://cdn.qiyimofang.com/Emulator/roms/default/大话西游.manifest"
      }
    },
    {
      "title": "岳飞传",
      "romFile": "岳飞传.nes",
      "imagePath": "岳飞传.jpg",
      "desc": "岳飞传",
      "manifest": {
        "searchPaths": {},
        "version": "0",
        "packageUrl": "http://cdn.qiyimofang.com/Emulator/roms/",
        "remoteManifestUrl": "http://cdn.qiyimofang.com/Emulator/roms/default/岳飞传.manifest"
      }
    },
    {
      "title": "最游记之唐三藏",
      "romFile": "最游记之唐三藏.nes",
      "imagePath": "最游记之唐三藏.jpg",
      "desc": "最游记之唐三藏",
      "manifest": {
        "searchPaths": {},
        "version": "0",
        "packageUrl": "http://cdn.qiyimofang.com/Emulator/roms/",
        "remoteManifestUrl": "http://cdn.qiyimofang.com/Emulator/roms/default/最游记之唐三藏.manifest"
      }
    },
    {
      "title": "创世纪英雄",
      "romFile": "创世纪英雄.nes",
      "imagePath": "创世纪英雄.jpg",
      "desc": "创世纪英雄",
      "manifest": {
        "searchPaths": {},
        "version": "0",
        "packageUrl": "http://cdn.qiyimofang.com/Emulator/roms/",
        "remoteManifestUrl": "http://cdn.qiyimofang.com/Emulator/roms/default/创世纪英雄.manifest"
      }
    },
    {
      "title": "异形",
      "romFile": "异形.nes",
      "imagePath": "异形.jpg",
      "desc": "异形",
      "manifest": {
        "searchPaths": {},
        "version": "0",
        "packageUrl": "http://cdn.qiyimofang.com/Emulator/roms/",
        "remoteManifestUrl": "http://cdn.qiyimofang.com/Emulator/roms/default/异形.manifest"
      }
    },
    {
      "title": "怪物制造者1",
      "romFile": "怪物制造者1.nes",
      "imagePath": "怪物制造者1.jpg",
      "desc": "怪物制造者1",
      "manifest": {
        "searchPaths": {},
        "version": "0",
        "packageUrl": "http://cdn.qiyimofang.com/Emulator/roms/",
        "remoteManifestUrl": "http://cdn.qiyimofang.com/Emulator/roms/default/怪物制造者1.manifest"
      }
    },
    {
      "title": "战国无双",
      "romFile": "战国无双.nes",
      "imagePath": "战国无双.jpg",
      "desc": "战国无双",
      "manifest": {
        "searchPaths": {},
        "version": "0",
        "packageUrl": "http://cdn.qiyimofang.com/Emulator/roms/",
        "remoteManifestUrl": "http://cdn.qiyimofang.com/Emulator/roms/default/战国无双.manifest"
      }
    },
    {
      "title": "无尽的任务",
      "romFile": "无尽的任务.nes",
      "imagePath": "无尽的任务.jpg",
      "desc": "无尽的任务",
      "manifest": {
        "searchPaths": {},
        "version": "0",
        "packageUrl": "http://cdn.qiyimofang.com/Emulator/roms/",
        "remoteManifestUrl": "http://cdn.qiyimofang.com/Emulator/roms/default/无尽的任务.manifest"
      }
    },
    {
      "title": "绝代双娇",
      "romFile": "绝代双娇.nes",
      "imagePath": "绝代双娇.jpg",
      "desc": "绝代双娇",
      "manifest": {
        "searchPaths": {},
        "version": "0",
        "packageUrl": "http://cdn.qiyimofang.com/Emulator/roms/",
        "remoteManifestUrl": "http://cdn.qiyimofang.com/Emulator/roms/default/绝代双娇.manifest"
      }
    },
    {
      "title": "武林外传",
      "romFile": "武林外传.nes",
      "imagePath": "武林外传.jpg",
      "desc": "武林外传",
      "manifest": {
        "searchPaths": {},
        "version": "0",
        "packageUrl": "http://cdn.qiyimofang.com/Emulator/roms/",
        "remoteManifestUrl": "http://cdn.qiyimofang.com/Emulator/roms/default/武林外传.manifest"
      }
    },
    {
      "title": "最终幻想IV - 光与暗水晶纷争",
      "romFile": "最终幻想iv光与暗水晶纷争(南晶科技).nes",
      "imagePath": "最终幻想iv光与暗水晶纷争(南晶科技).jpg",
      "desc": "最终幻想IV - 光与暗水晶纷争",
      "manifest": {
        "searchPaths": {},
        "version": "0",
        "packageUrl": "http://cdn.qiyimofang.com/Emulator/roms/",
        "remoteManifestUrl": "http://cdn.qiyimofang.com/Emulator/roms/default/最终幻想iv光与暗水晶纷争(南晶科技).manifest"
      }
    },
    {
      "title": "火焰之纹章索非亚复苏",
      "romFile": "火焰之纹章索非亚复苏.nes",
      "imagePath": "火焰之纹章索非亚复苏.jpg",
      "desc": "火焰之纹章索非亚复苏",
      "manifest": {
        "searchPaths": {},
        "version": "0",
        "packageUrl": "http://cdn.qiyimofang.com/Emulator/roms/",
        "remoteManifestUrl": "http://cdn.qiyimofang.com/Emulator/roms/default/火焰之纹章索非亚复苏.manifest"
      }
    },
    {
      "title": "绿野仙踪",
      "romFile": "绿野仙踪.nes",
      "imagePath": "绿野仙踪.jpg",
      "desc": "绿野仙踪",
      "manifest": {
        "searchPaths": {},
        "version": "0",
        "packageUrl": "http://cdn.qiyimofang.com/Emulator/roms/",
        "remoteManifestUrl": "http://cdn.qiyimofang.com/Emulator/roms/default/绿野仙踪.manifest"
      }
    },
    {
      "title": "荆珂新传",
      "romFile": "荆珂新传.nes",
      "imagePath": "荆珂新传.jpg",
      "desc": "荆珂新传",
      "manifest": {
        "searchPaths": {},
        "version": "0",
        "packageUrl": "http://cdn.qiyimofang.com/Emulator/roms/",
        "remoteManifestUrl": "http://cdn.qiyimofang.com/Emulator/roms/default/荆珂新传.manifest"
      }
    },
    {
      "title": "西部战士",
      "romFile": "西部战士.nes",
      "imagePath": "西部战士.jpg",
      "desc": "西部战士",
      "manifest": {
        "searchPaths": {},
        "version": "0",
        "packageUrl": "http://cdn.qiyimofang.com/Emulator/roms/",
        "remoteManifestUrl": "http://cdn.qiyimofang.com/Emulator/roms/default/西部战士.manifest"
      }
    },
    {
      "title": "魔道士阴谋",
      "romFile": "魔道士阴谋.nes",
      "imagePath": "魔道士阴谋.jpg",
      "desc": "魔道士阴谋",
      "manifest": {
        "searchPaths": {},
        "version": "0",
        "packageUrl": "http://cdn.qiyimofang.com/Emulator/roms/",
        "remoteManifestUrl": "http://cdn.qiyimofang.com/Emulator/roms/default/魔道士阴谋.manifest"
      }
    },
    {
      "title": "伊苏2",
      "romFile": "伊苏2.nes",
      "imagePath": "伊苏2.jpg",
      "desc": "伊苏2",
      "manifest": {
        "searchPaths": {},
        "version": "0",
        "packageUrl": "http://cdn.qiyimofang.com/Emulator/roms/",
        "remoteManifestUrl": "http://cdn.qiyimofang.com/Emulator/roms/default/伊苏2.manifest"
      }
    },
    {
      "title": "龙珠z2-激斗弗利萨",
      "romFile": "龙珠z2-激斗弗利萨.nes",
      "imagePath": "龙珠z2-激斗弗利萨.jpg",
      "desc": "龙珠z2-激斗弗利萨",
      "manifest": {
        "searchPaths": {},
        "version": "0",
        "packageUrl": "http://cdn.qiyimofang.com/Emulator/roms/",
        "remoteManifestUrl": "http://cdn.qiyimofang.com/Emulator/roms/default/龙珠z2-激斗弗利萨.manifest"
      }
    },
    {
      "title": "吞食天地2-东吴三代传",
      "romFile": "吞食天地2-东吴三代传.nes",
      "imagePath": "吞食天地2-东吴三代传.jpg",
      "desc": "吞食天地2-东吴三代传",
      "manifest": {
        "searchPaths": {},
        "version": "0",
        "packageUrl": "http://cdn.qiyimofang.com/Emulator/roms/",
        "remoteManifestUrl": "http://cdn.qiyimofang.com/Emulator/roms/default/吞食天地2-东吴三代传.manifest"
      }
    },
    {
      "title": "吞食天地2-秋风五丈原",
      "romFile": "吞食天地2-秋风五丈原.nes",
      "imagePath": "吞食天地2-秋风五丈原.jpg",
      "desc": "吞食天地2-秋风五丈原",
      "manifest": {
        "searchPaths": {},
        "version": "0",
        "packageUrl": "http://cdn.qiyimofang.com/Emulator/roms/",
        "remoteManifestUrl": "http://cdn.qiyimofang.com/Emulator/roms/default/吞食天地2-秋风五丈原.manifest"
      }
    },
    {
      "title": "吞食天地2-诸葛孔明传",
      "romFile": "吞食天地2-诸葛孔明传.nes",
      "imagePath": "吞食天地2-诸葛孔明传.jpg",
      "desc": "吞食天地2-诸葛孔明传",
      "manifest": {
        "searchPaths": {},
        "version": "0",
        "packageUrl": "http://cdn.qiyimofang.com/Emulator/roms/",
        "remoteManifestUrl": "http://cdn.qiyimofang.com/Emulator/roms/default/吞食天地2-诸葛孔明传.manifest"
      }
    },
    {
      "title": "吞食天地2之曹操孟德传",
      "romFile": "吞食天地2之曹操孟德传.nes",
      "imagePath": "吞食天地2之曹操孟德传.jpg",
      "desc": "吞食天地2之曹操孟德传",
      "manifest": {
        "searchPaths": {},
        "version": "0",
        "packageUrl": "http://cdn.qiyimofang.com/Emulator/roms/",
        "remoteManifestUrl": "http://cdn.qiyimofang.com/Emulator/roms/default/吞食天地2之曹操孟德传.manifest"
      }
    },
    {
      "title": "超人俱乐部2",
      "romFile": "超人俱乐部2.nes",
      "imagePath": "超人俱乐部2.jpg",
      "desc": "超人俱乐部2",
      "manifest": {
        "searchPaths": {},
        "version": "0",
        "packageUrl": "http://cdn.qiyimofang.com/Emulator/roms/",
        "remoteManifestUrl": "http://cdn.qiyimofang.com/Emulator/roms/default/超人俱乐部2.manifest"
      }
    }
  ]
}