{
  "version": "1.0",
  "roms": [
    {
      "title": "90年代游戏是这样玩的",
      "romFile": "",
      "imagePath": "90年代游戏是这样玩的.jpg",
      "desc": "借此来缅怀童年。FC游戏（小霸王）也是八九十年代的典型代表，曾经风靡万千少男少女，成为游戏界的一个神话。现在就进入儿童时的天堂——小霸王游戏。"
    },
    {
      "title": "小霸王",
      "romFile": "",
      "imagePath": "小霸王.jpg",
      "desc": "小霸王公司始建于1987年中华人民共和国广东省中山市，专业从事教育类电子产品的开发研究、生产和销售。现公司除教育类产品外，还开发销售影音播放产品、厨卫用品及个人护理产品。"
    },
    {
      "title": "红白机",
      "romFile": "",
      "imagePath": "红白机.jpg",
      "desc": "Family Computer（简称FC或FAMICOM）是任天堂发行的第三代家用游戏机。日本版FC机身以红色和白色为主，在华人圈中俗称“红白机”；欧美版FC则称Nintendo Entertainment System（简称NES）”。截至2003年，FC全球累计销量超过了6700万台。"
    },
    {
      "title": "手柄",
      "romFile": "",
      "imagePath": "手柄.jpg",
      "desc": "游戏手柄是一种常见电子游戏机的部件，通过操纵其按钮等，实现对游戏虚拟角色的控制。"
    },
    {
      "title": "FDS硬件",
      "romFile": "",
      "imagePath": "FDS硬件.jpg",
      "desc": "FDS通过将称为RAM适配器的特殊盒式卡带插入红白机的卡带端口，并透过数据线连接到磁盘机本体。RAM适配器包含用于临时存储的32 KB RAM、用于磁贴和子画面数据存储的8 KB RAM以及称为 2C33 的特殊应用集成电路（ASIC）。ASIC用作驱动程式，并且还包括具有单周期波合成器的发声硬件。"
    },
    {
      "title": "红白机历史",
      "romFile": "",
      "imagePath": "红白机历史.jpg",
      "desc": "任天堂前身于1889年9月23日成立。最初由山内房治郎创立，主要生产纸牌，1963年更名为任天堂株式会社，业务也倾向于电子产品。1983年，任天堂开发了面向家庭用户的八位电视游戏机“FAMILYCOMPUTER，简称FC，开辟了电视游戏的先河，与FC同期发售的游戏有数十款"
    },


    {
      "title": "三目童子",
      "romFile": "三目童子.nes",
      "imagePath": "三目童子.jpg",
      "desc": "三目童子",
      "manifest": {
        "searchPaths": {},
        "version": "0",
        "packageUrl": "http://cdn.qiyimofang.com/Emulator/roms/",
        "remoteManifestUrl": "http://cdn.qiyimofang.com/Emulator/roms/default/三目童子.manifest"
      }
    },
    {
      "title": "西天取经",
      "romFile": "西天取经.nes",
      "imagePath": "西天取经.jpg",
      "desc": "西天取经",
      "manifest": {
        "searchPaths": {},
        "version": "0",
        "packageUrl": "http://cdn.qiyimofang.com/Emulator/roms/",
        "remoteManifestUrl": "http://cdn.qiyimofang.com/Emulator/roms/default/西天取经.manifest"
      }
    },
    {
      "title": "三十六计",
      "romFile": "三十六计.nes",
      "imagePath": "三十六计.jpg",
      "desc": "经典策略游戏，打骰子决定前进频数，并进入相应战斗页面，有大富翁的影子。",
      "manifest": {
        "searchPaths": {},
        "version": "0",
        "packageUrl": "http://cdn.qiyimofang.com/Emulator/roms/",
        "remoteManifestUrl": "http://cdn.qiyimofang.com/Emulator/roms/default/三十六计.manifest"
      }
    },
    {
      "title": "淘金者",
      "romFile": "淘金者.nes",
      "imagePath": "淘金者.jpg",
      "desc": "著名智力型动作游戏的FC版。共50个版面，也可自行设定场地。躲避并攻击敌人，收集版面中金块的动作型智力游戏。",
      "manifest": {
        "searchPaths": {},
        "version": "0",
        "packageUrl": "http://cdn.qiyimofang.com/Emulator/roms/",
        "remoteManifestUrl": "http://cdn.qiyimofang.com/Emulator/roms/default/淘金者.manifest"
      }
    },
    {
      "title": "功夫小子",
      "romFile": "功夫小子.nes",
      "imagePath": "功夫小子.jpg",
      "desc": "功夫小子",
      "manifest": {
        "searchPaths": {},
        "version": "0",
        "packageUrl": "http://cdn.qiyimofang.com/Emulator/roms/",
        "remoteManifestUrl": "http://cdn.qiyimofang.com/Emulator/roms/default/功夫小子.manifest"
      }
    },
    {
      "title": "兵蜂3",
      "romFile": "兵蜂3.nes",
      "imagePath": "兵蜂3.jpg",
      "desc": "《兵蜂3》是一款经典的飞行射击fc游戏。兵蜂3是兵蜂系列在FC上的第3代，这个一代回归了第一代的那种竖版过关模式，整体的感觉也是第一代的延续，不过难度上比起第一代还是要有挑战一点，并且3代中铃铛的效果也变多了，玩家们可以在游戏中亲自体验一下。这个兵蜂的第3代相比前两代，提升还是蛮明显的，不仅画面上有了比较大的改编，游戏玩法以及内容也增加了不少，而且作为兵蜂核心的打铃铛模式也还原了一代的那种样子，并且加入了更多的效果，比如加速、子弹、无敌、生命等等，而且难度也有所上升，小编测试的时候可是连第一关都没过……喜欢兵蜂这个系类的玩家推荐玩玩这个第三代，还是蛮值得一玩的。",
      "manifest": {
        "searchPaths": {},
        "version": "0",
        "packageUrl": "http://cdn.qiyimofang.com/Emulator/roms/",
        "remoteManifestUrl": "http://cdn.qiyimofang.com/Emulator/roms/default/兵蜂3.manifest"
      }
    },
    {
      "title": "鲁邦三世",
      "romFile": "鲁邦三世.nes",
      "imagePath": "鲁邦三世.jpg",
      "desc": "鲁邦三世",
      "manifest": {
        "searchPaths": {},
        "version": "0",
        "packageUrl": "http://cdn.qiyimofang.com/Emulator/roms/",
        "remoteManifestUrl": "http://cdn.qiyimofang.com/Emulator/roms/default/鲁邦三世.manifest"
      }
    },
    {
      "title": "小鸡救心",
      "romFile": "小鸡救心.nes",
      "imagePath": "小鸡救心.jpg",
      "desc": "Chack'n Pop 中文名叫小鸡救心（拯救爱心），是TAITO于1983年出品的游戏。该游戏的玩法很简单，拯救被关押的红心，并成功逃脱。游戏人物可以使用炸弹，但是这个炸弹是敌我不分的，扔了后如果不及时躲避的话是会炸死的。",
      "manifest": {
        "searchPaths": {},
        "version": "0",
        "packageUrl": "http://cdn.qiyimofang.com/Emulator/roms/",
        "remoteManifestUrl": "http://cdn.qiyimofang.com/Emulator/roms/default/小鸡救心.manifest"
      }
    },
    {
      "title": "气球战士",
      "romFile": "气球战士.nes",
      "imagePath": "气球战士.jpg",
      "desc": "由街机移植的著名动作游戏。玩者所控制的角色要击破敌人的气球获得胜利。",
      "manifest": {
        "searchPaths": {},
        "version": "0",
        "packageUrl": "http://cdn.qiyimofang.com/Emulator/roms/",
        "remoteManifestUrl": "http://cdn.qiyimofang.com/Emulator/roms/default/气球战士.manifest"
      }
    },
    {
      "title": "吃豆人",
      "romFile": "吃豆人.nes",
      "imagePath": "吃豆人.jpg",
      "desc": "《吃豆人》（Pac-Man）是一部由同名街机游戏移植至Atari 2600平台的游戏，最早由南梦宫公司于1980年在街机上推出，后由雅达利公司于1982年3月中旬发售Atari 2600版。Pac-Man最早的艺名叫Pakkuman，源于“パクパク食べる”的发音paku-paku taberu，paku-paku表示嘴巴一张一合的动作和声音，形象描绘了“我吃，故我在”的生活态度。",
      "manifest": {
        "searchPaths": {},
        "version": "0",
        "packageUrl": "http://cdn.qiyimofang.com/Emulator/roms/",
        "remoteManifestUrl": "http://cdn.qiyimofang.com/Emulator/roms/default/吃豆人.manifest"
      }
    },
    {
      "title": "小美人鱼",
      "romFile": "小美人鱼.nes",
      "imagePath": "小美人鱼.jpg",
      "desc": "",
      "manifest": {
        "searchPaths": {},
        "version": "0",
        "packageUrl": "http://cdn.qiyimofang.com/Emulator/roms/",
        "remoteManifestUrl": "http://cdn.qiyimofang.com/Emulator/roms/default/小美人鱼.manifest"
      }
    },
    {
      "title": "敲冰块",
      "romFile": "敲冰块.nes",
      "imagePath": "敲冰块.jpg",
      "desc": "手持大锤攀登冰山，同时将敌人打倒的动作游戏。可二人同时进行，是FC游戏中比较耐玩的一款。",
      "manifest": {
        "searchPaths": {},
        "version": "0",
        "packageUrl": "http://cdn.qiyimofang.com/Emulator/roms/",
        "remoteManifestUrl": "http://cdn.qiyimofang.com/Emulator/roms/default/敲冰块.manifest"
      }
    },
    {
      "title": "城市碰碰车",
      "romFile": "城市碰碰车.nes",
      "imagePath": "城市碰碰车.jpg",
      "desc": "红车面包车，是不是想起当时80年代很多人，很热衷开着白色面包车、或者各种颜色的面包车呢。\n回归正题--小的正方形是代表油量，也是发射子弹的唯一能源。 当然路途中的警车是比较烦人的，可以用子弹打晕警车。然后碰撞得到相应分数。",
      "manifest": {
        "searchPaths": {},
        "version": "0",
        "packageUrl": "http://cdn.qiyimofang.com/Emulator/roms/",
        "remoteManifestUrl": "http://cdn.qiyimofang.com/Emulator/roms/default/城市碰碰车.manifest"
      }
    },
    {
      "title": "前线大作战",
      "romFile": "前线大作战.nes",
      "imagePath": "前线大作战.jpg",
      "desc": "前线大作战",
      "manifest": {
        "searchPaths": {},
        "version": "0",
        "packageUrl": "http://cdn.qiyimofang.com/Emulator/roms/",
        "remoteManifestUrl": "http://cdn.qiyimofang.com/Emulator/roms/default/前线大作战.manifest"
      }
    },
    {
      "title": "火箭车",
      "romFile": "火箭车.nes",
      "imagePath": "火箭车.jpg",
      "desc": "",
      "manifest": {
        "searchPaths": {},
        "version": "0",
        "packageUrl": "http://cdn.qiyimofang.com/Emulator/roms/",
        "remoteManifestUrl": "http://cdn.qiyimofang.com/Emulator/roms/default/火箭车.manifest"
      }
    },
    {
      "title": "越野摩托",
      "romFile": "越野摩托.nes",
      "imagePath": "越野摩托.jpg",
      "desc": "",
      "manifest": {
        "searchPaths": {},
        "version": "0",
        "packageUrl": "http://cdn.qiyimofang.com/Emulator/roms/",
        "remoteManifestUrl": "http://cdn.qiyimofang.com/Emulator/roms/default/越野摩托.manifest"
      }
    },
    {
      "title": "打空气",
      "romFile": "打空气.nes",
      "imagePath": "打空气.jpg",
      "desc": "Dig Dug中文名叫打空气或叮当，是一款FC上的益智休闲游戏，玩家用气筒把敌人充气引爆，还可利用场景中的山石压死敌人，是一款可玩性很高的游戏。",
      "manifest": {
        "searchPaths": {},
        "version": "0",
        "packageUrl": "http://cdn.qiyimofang.com/Emulator/roms/",
        "remoteManifestUrl": "http://cdn.qiyimofang.com/Emulator/roms/default/打空气.manifest"
      }
    },
    {
      "title": "彩虹岛",
      "romFile": "彩虹岛.nes",
      "imagePath": "彩虹岛.jpg",
      "desc": "",
      "manifest": {
        "searchPaths": {},
        "version": "0",
        "packageUrl": "http://cdn.qiyimofang.com/Emulator/roms/",
        "remoteManifestUrl": "http://cdn.qiyimofang.com/Emulator/roms/default/彩虹岛.manifest"
      }
    },
    {
      "title": "青蛙大冒险",
      "romFile": "青蛙大冒险.nes",
      "imagePath": "青蛙大冒险.jpg",
      "desc": "《青蛙大冒险》是一款非常有意思的FC休闲闯关游戏，游戏中玩家将控制一直请外展开神奇的冒险，游戏的玩法非常简单。",
      "manifest": {
        "searchPaths": {},
        "version": "0",
        "packageUrl": "http://cdn.qiyimofang.com/Emulator/roms/",
        "remoteManifestUrl": "http://cdn.qiyimofang.com/Emulator/roms/default/青蛙大冒险.manifest"
      }
    },
    {
      "title": "彩虹小子",
      "romFile": "彩虹小子.nes",
      "imagePath": "彩虹小子.jpg",
      "desc": "彩虹小子（Parasol Henbee）咋一看还以为是横版的彩虹岛，其实大大的不同。别看人物就一把小洋伞却能做出各种各样的动作，感叹厂商的想象力丰富呀，游戏风格轻松搞笑，强烈推荐！",
      "manifest": {
        "searchPaths": {},
        "version": "0",
        "packageUrl": "http://cdn.qiyimofang.com/Emulator/roms/",
        "remoteManifestUrl": "http://cdn.qiyimofang.com/Emulator/roms/default/彩虹小子.manifest"
      }
    },
    {
      "title": "唐伯虎点秋香",
      "romFile": "唐伯虎点秋香.nes",
      "imagePath": "唐伯虎点秋香.jpg",
      "desc": "唐伯虎点秋香",
      "manifest": {
        "searchPaths": {},
        "version": "0",
        "packageUrl": "http://cdn.qiyimofang.com/Emulator/roms/",
        "remoteManifestUrl": "http://cdn.qiyimofang.com/Emulator/roms/default/唐伯虎点秋香.manifest"
      }
    },
    {
      "title": "大话西游",
      "romFile": "大话西游.nes",
      "imagePath": "大话西游.jpg",
      "desc": "大话西游",
      "manifest": {
        "searchPaths": {},
        "version": "0",
        "packageUrl": "http://cdn.qiyimofang.com/Emulator/roms/",
        "remoteManifestUrl": "http://cdn.qiyimofang.com/Emulator/roms/default/大话西游.manifest"
      }
    },
    {
      "title": "岳飞传",
      "romFile": "岳飞传.nes",
      "imagePath": "岳飞传.jpg",
      "desc": "岳飞传",
      "manifest": {
        "searchPaths": {},
        "version": "0",
        "packageUrl": "http://cdn.qiyimofang.com/Emulator/roms/",
        "remoteManifestUrl": "http://cdn.qiyimofang.com/Emulator/roms/default/岳飞传.manifest"
      }
    },
    {
      "title": "最游记之唐三藏",
      "romFile": "最游记之唐三藏.nes",
      "imagePath": "最游记之唐三藏.jpg",
      "desc": "最游记之唐三藏",
      "manifest": {
        "searchPaths": {},
        "version": "0",
        "packageUrl": "http://cdn.qiyimofang.com/Emulator/roms/",
        "remoteManifestUrl": "http://cdn.qiyimofang.com/Emulator/roms/default/最游记之唐三藏.manifest"
      }
    },
    {
      "title": "绝代双娇",
      "romFile": "绝代双娇.nes",
      "imagePath": "绝代双娇.jpg",
      "desc": "绝代双娇",
      "manifest": {
        "searchPaths": {},
        "version": "0",
        "packageUrl": "http://cdn.qiyimofang.com/Emulator/roms/",
        "remoteManifestUrl": "http://cdn.qiyimofang.com/Emulator/roms/default/绝代双娇.manifest"
      }
    },
    {
      "title": "武林外传",
      "romFile": "武林外传.nes",
      "imagePath": "武林外传.jpg",
      "desc": "武林外传",
      "manifest": {
        "searchPaths": {},
        "version": "0",
        "packageUrl": "http://cdn.qiyimofang.com/Emulator/roms/",
        "remoteManifestUrl": "http://cdn.qiyimofang.com/Emulator/roms/default/武林外传.manifest"
      }
    }
  ]
}