{
  "version": "1.0",
  "nes":[
    {
      "isExternal": false,
      "isEightDir": false,
      "name": "bomber",
      "imagePath": "bomber/bomber.jpg",
      "nesFilePath": "bomber/bomber.nes",
      "title": "炸弹人",
      "desc": "使用炸弹消灭敌人，并寻找隐藏出口的系列动作游戏二代。设有武器威力提升系统。"
    },
    {
      "isExternal": false,
      "isEightDir": false,
      "name": "xiyouji1",
      "imagePath": "xiyouji1/xiyouji1.jpg",
      "nesFilePath": "xiyouji1/xiyouji1.nes",
      "title": "西游记1",
      "desc": "FC版西游记ワールド是日本人用中国古代神话小说《西游记》里的一些人物素材改编设计的倾向于ACT类型游戏的ARPG游戏，剧情与画风虽然严重不符合中国玩家心目中的西游记，但是如果无视剧情，把它纯粹当作一款游戏来玩的话，会发现其的闪光点的。"
    },
    {
      "isExternal": false,
      "isEightDir": false,
      "name": "36ji",
      "imagePath": "36ji/36ji.jpg",
      "nesFilePath": "36ji/36ji.nes",
      "title": "三十六计",
      "desc": "经典策略游戏，打骰子决定前进频数，并进入相应战斗页面，有大富翁的影子。"

    },
    {
      "isExternal": false,
      "isEightDir": false,
      "name": "bugsbunny2",
      "imagePath": "bugsbunny2/bugsbunny2.jpg",
      "nesFilePath": "bugsbunny2/bugsbunny2.nes",
      "title": "邦尼兔-疯狂城堡",
      "desc": "帮助兔子芭比闯出城堡，吃到更多的萝卜，并消灭大灰狼。"
    },
    {
      "isExternal": false,
      "isEightDir": false,
      "name": "renzhemiao",
      "imagePath": "renzhemiao/renzhemiao.jpg",
      "nesFilePath": "renzhemiao/renzhemiao.nes",
      "title": "忍者猫",
      "desc": "在每个版面均可选择三位主角之一进行的动作游戏，在途中还可以换用其它4位同伴，每位同伴的能力各异，要活用这些同伴才可过关。"
    },
    {
      "isExternal": false,
      "isEightDir": true,
      "name": "hundouluo1",
      "imagePath": "hundouluo1/hundouluo1.jpg",
      "nesFilePath": "hundouluo1/hundouluo1.nes",
      "title": "魂斗罗1",
      "desc": "和《超级玛丽》一样，《魂斗罗》也是任天堂FC游戏中的优秀代表作品，是我们童年美好的回忆。《魂斗罗》关卡制作精良，多种武器道具，优美的音乐，极佳的操作感使它在玩家心中有着非常高的地位。"
    },
    {
      "isExternal": false,
      "isEightDir": true,
      "name": "hundouluo2",
      "imagePath": "hundouluo2/hundouluo2.jpg",
      "nesFilePath": "hundouluo2/hundouluo2.nes",
      "title": "魂斗罗2",
      "desc": "著名动作射击游戏《魂斗罗》的续作。取消了前作中的部分3D版面关卡，而增加了以上方视角进行战斗的模式。武器提升系统及操作系统均与前作相同。"
    },
    {
      "isExternal": false,
      "isEightDir": true,
      "name": "hundouluo3",
      "imagePath": "hundouluo3/hundouluo3.jpg",
      "nesFilePath": "hundouluo3/hundouluo3.nes",
      "title": "魂斗罗3",
      "desc": "《魂斗罗力量》是魂斗罗家用机上第3部、全机型第6部作品，因此又被玩家叫作魂斗罗3代或魂斗罗6代，是科乐美公司于1992年，只有在美国地区发售的FC游戏。该作非魂斗罗系列主线剧情，算是外传。游戏中可以中途切换角色，四人拥有独自的残机数与目前武装。还可以呼叫CPU角色援护玩家约5秒的时间，援护方式可以选择，使用次数无限，但援护后该角色的武装会消失。"
    },
    {
      "isExternal": false,
      "isEightDir": false,
      "name": "mario1",
      "imagePath": "mario1/mario1.jpg",
      "nesFilePath": "mario1/mario1.nes",
      "title": "超级玛丽1",
      "desc": "《超级马里奥兄弟》（简称《超级玛丽》，香港俗称“孖宝兄弟”）是任天堂于1985年出品的著名横版过关游戏，作为1983年游戏《马里奥兄弟》的续作在FC红白机上推出。在游戏《超级马里奥兄弟》中，玩家控制马里奥从库巴手上设法营救桃子公主（后成为碧琪公主）。马里奥的弟弟路易只能在游戏的多人模式中作为第二玩家加入，其角色情节与马里奥完全相同，但路易基跳得比马里奥高一点，跑得比马里奥慢。"
    },
    {
      "isExternal": false,
      "isEightDir": false,
      "name": "mario3",
      "imagePath": "mario3/mario3.jpg",
      "nesFilePath": "mario3/mario3.nes",
      "title": "超级玛丽3",
      "desc": "《超级玛丽3》是任天堂在FC平台上发布的一个经典冒险类游戏，日渐成熟的技术在前作《超级玛丽2》的基础上又做了大量的调整，不管是操作 手感还是游戏画面都得到较大的改进，使得喜爱超级玛丽系列的玩家更为深入的爱上了这款游戏。"
    },
    {
      "isExternal": false,
      "isEightDir": false,
      "name": "shuangjielong2",
      "imagePath": "shuangjielong2/shuangjielong2.jpg",
      "nesFilePath": "shuangjielong2/shuangjielong2.nes",
      "title": "双截龙2",
      "desc": "双截龙2"
    },
    {
      "isExternal": false,
      "isEightDir": true,
      "name": "shuangjielong3",
      "imagePath": "shuangjielong3/shuangjielong3.jpg",
      "nesFilePath": "shuangjielong3/shuangjielong3.nes",
      "title": "双截龙3",
      "desc": "双截龙3"
    },
    {
      "isExternal": false,
      "isEightDir": false,
      "name": "daodantanke",
      "imagePath": "daodantanke/daodantanke.jpg",
      "nesFilePath": "daodantanke/daodantanke.nes",
      "title": "导弹坦克",
      "desc": "导弹坦克"
    },
    {
      "isExternal": false,
      "isEightDir": true,
      "name": "renzheshengui3",
      "imagePath": "renzheshengui3/renzheshengui3.jpg",
      "nesFilePath": "renzheshengui3/renzheshengui3.nes",
      "title": "忍者神龟3",
      "desc": "《FC忍者神龟3》是由KONAMI开发的一款红白机动作游戏，游戏改编自1984年发行的同名漫画，四个武功高强的忍者神龟和他们的老师斯普林达，为了保卫城市家园而和这个城市的邪恶势力做斗争，四个性格不一的忍者神龟拿着不同的武器以及不同的招式，和敌人英勇战斗。"
    },
    {
      "isExternal": false,
      "isEightDir": true,
      "name": "rexuewuyu",
      "imagePath": "rexuewuyu/rexuewuyu.jpg",
      "nesFilePath": "rexuewuyu/rexuewuyu.nes",
      "title": "热血物语",
      "desc": "设有拳击及体力槽的热血系列游戏。是带有RPG色彩的街头斗殴游戏。"
    },
    {
      "isExternal": false,
      "isEightDir": true,
      "name": "rexuelanqiu",
      "imagePath": "rexuelanqiu/rexuelanqiu.jpg",
      "nesFilePath": "rexuelanqiu/rexuelanqiu.nes",
      "title": "热血篮球",
      "desc": "热血篮球"
    },
    {
      "isExternal": false,
      "isEightDir": true,
      "name": "rexuezuqiu3",
      "imagePath": "rexuezuqiu3/rexuezuqiu3.jpg",
      "nesFilePath": "rexuezuqiu3/rexuezuqiu3.nes",
      "title": "热血足球",
      "desc": "热血足球"
    },
    {
      "isExternal": false,
      "isEightDir": true,
      "name": "rexuejinxingqu",
      "imagePath": "rexuejinxingqu/rexuejinxingqu.jpg",
      "nesFilePath": "rexuejinxingqu/rexuejinxingqu.nes",
      "title": "热血进行曲",
      "desc": "热血进行曲"
    },
    {
      "isExternal": false,
      "isEightDir": true,
      "name": "shangweimiling",
      "imagePath": "shangweimiling/shangweimiling.jpg",
      "nesFilePath": "shangweimiling/shangweimiling.nes",
      "title": "上尉密令",
      "desc": "美国队长的战友幻视和钢铁侠被大反派满大人击倒，生死不明。是否暗示着什么巨大的事件要发生？于是队长和鹰眼出发了营救幻视与钢铁侠。\r这游戏取材于美式漫画《美国队长》，人物大都是身材魁梧，肌肉发达的大叔。（汗-_-）从游戏性的角度来讲，还是很成功的一部作品。而且还有双人格斗模式。"
    },
    {
      "isExternal": false,
      "isEightDir": true,
      "name": "karnov",
      "imagePath": "karnov/karnov.jpg",
      "nesFilePath": "karnov/karnov.nes",
      "title": "卡诺夫",
      "desc": "《卡诺夫》是南梦宫（NAMCO）在1987年12月18日在FC平台上出品的一款游戏。\n游戏属于动作ACT类型，被FAMI通的评分是18.4分，这游戏在当时是一款相当出众的游戏，后来在街机上推出了同样的作品。游戏一共分为八关，每关都有各自的BOSS，该游戏有一定的难度。游戏的剧情是“平和的国度阿库拉米那被魔物占领了，人民生灵涂炭，上帝（又说真主）派遣卡诺夫去打击魔物”。卡诺夫是一位历史上的神话人物，据说是一位伊斯兰神话人物。"
    },
    {
      "isExternal": false,
      "isEightDir": false,
      "name": "maoxiandao1",
      "imagePath": "maoxiandao1/maoxiandao1.jpg",
      "nesFilePath": "maoxiandao1/maoxiandao1.nes",
      "title": "冒险岛1",
      "desc": "和超级马里奥，索尼克等游戏一样，这是一款2D横向卷轴游戏。其实冒险岛并非是HUDSON的原创作品，HUDSON是从Westone（《神奇男孩》的开发者）得到游戏的授权。游戏的目的是救出主角高桥名人的恋人蒂娜。整个游戏共有8个场景，而每一个场景又包括4个阶段。主角会在最后一个阶段的结尾遇到BOSS角色。只有打倒了BOSS（弱点在头部）才可以顺利通关，对付BOSS的难度随着场景数的增加而增加（比如打倒场景1的BOSS只需攻击8次，以后场景数每增加1攻击数目增加2，到了场景8需攻击22次方能打倒BOSS）。"
    },
    {
      "isExternal": false,
      "isEightDir": false,
      "name": "maoxiandao2",
      "imagePath": "maoxiandao2/maoxiandao2.jpg",
      "nesFilePath": "maoxiandao2/maoxiandao2.nes",
      "title": "冒险岛2",
      "desc": "《高桥名人之大冒险岛2》是日本游戏制造商Hudson公司制作的一款动作类SFC游戏。在游戏中如主角撞上敌方角色，巨大滚石，火焰，或落水、掉入深坑等均会导致死亡。主角可从沿途中各种物品（如水果，蛋）中摄取能量和获得新能力。新能力包括（但不限於）攻击力，滑板和妖精保护。"
    },
    {
      "isExternal": false,
      "isEightDir": false,
      "name": "maoxiandao3",
      "imagePath": "maoxiandao3/maoxiandao3.jpg",
      "nesFilePath": "maoxiandao3/maoxiandao3.nes",
      "title": "冒险岛3",
      "desc": ""
    },
    {
      "isExternal": false,
      "isEightDir": true,
      "name": "yingzichuanshuo",
      "imagePath": "yingzichuanshuo/yingzichuanshuo.jpg",
      "nesFilePath": "yingzichuanshuo/yingzichuanshuo.nes",
      "title": "影子传说",
      "desc": "于1985年开发的《影子传说》改编自一部快节奏的忍者题材电影，因此整部游戏也极具电影感。FC版的移植效果还不错，虽然画面明显有所缩水，但实际的游戏性基本得以完美复制。不过，游戏的速度感还不上街机版，尤其是忍者镖的飞行速度不够快，而且同屏画面下只允许同时出现两枚飞镖。在FC版中，还新增了一种可提升主角力量与速度的补强型道具。这玩意还能帮你抵御一次攻击（当然对会吐火的家伙依然不能防御)。"
    },
    {
      "isExternal": false,
      "isEightDir": false,
      "name": "taojinzhe",
      "imagePath": "taojinzhe/taojinzhe.jpg",
      "nesFilePath": "taojinzhe/taojinzhe.nes",
      "title": "淘金者",
      "desc": "著名智力型动作游戏的FC版。共50个版面，也可自行设定场地。躲避并攻击敌人，收集版面中金块的动作型智力游戏。"
    },
    {
      "isExternal": false,
      "isEightDir": false,
      "name": "yongzhedouelong1",
      "imagePath": "yongzhedouelong1/yongzhedouelong1.jpg",
      "nesFilePath": "yongzhedouelong1/yongzhedouelong1.nes",
      "title": "勇者斗恶龙1",
      "desc": "具有深刻意义及价值的RPG始祖经典名作，由本作品掀起了业界的一阵强烈的旋风，更由此奠定了RPG的地位。"
    },
    {
      "isExternal": false,
      "isEightDir": false,
      "name": "tanglaoya",
      "imagePath": "tanglaoya/tanglaoya.jpg",
      "nesFilePath": "tanglaoya/tanglaoya.nes",
      "title": "唐老鸭的世界",
      "desc": "可设定3种难度的动作冒险游戏，共5个版面，可参考地图进行。"
    },
    {
      "isExternal": false,
      "isEightDir": false,
      "name": "snowbros",
      "imagePath": "snowbros/snowbros.jpg",
      "nesFilePath": "snowbros/snowbros.nes",
      "title": "雪人兄弟",
      "desc": "《雪人兄弟》是一款东亚企划(Toaplan)于1990年开发的街机平台动作游戏，1991年由东亚企划移植推出任天堂FC版，同年由加贺电子(NAXAT)于GB平台推出掌机版《雪人兄弟Jr（スノーブラザーズ・ジュニア）》，1993年由TengenInc.推出世嘉MD版。海外版NES(FC)和GB版的雪人兄弟由Capcom美国代理发行（日本国内版《雪人兄弟》开发与发行与Capcom无关）。"
    },
    {
      "isExternal": false,
      "isEightDir": false,
      "name": "songshudazuozhan1",
      "imagePath": "songshudazuozhan1/songshudazuozhan1.jpg",
      "nesFilePath": "songshudazuozhan1/songshudazuozhan1.nes",
      "title": "松鼠大作战1",
      "desc": "1990年，经迪士尼授权，由日本卡普空（Capcom）电视游戏公司制作的基于任天堂FC主机的电视游戏《松鼠大作战》出版发行。游戏延用迪士尼动画片《松鼠大作战》里的两只可爱花栗鼠Chip and Dale（奇奇和蒂蒂），从寻找小猫咪的委托任务开始，到摆脱肥猫陷阱与其一决高下为故事内容。可单人玩又可双人对战，可互助又可互攻，流畅度，创造力与可玩性均为同类游戏中的领军者。"
    },
    {
      "isExternal": false,
      "isEightDir": false,
      "name": "songshudazuozhan2",
      "imagePath": "songshudazuozhan2/songshudazuozhan2.jpg",
      "nesFilePath": "songshudazuozhan2/songshudazuozhan2.nes",
      "title": "松鼠大作战2",
      "desc": "《松鼠大作战2》是一款经典的动作冒险游戏，由卡普空制作。松鼠大作战2是人气游戏《松鼠大作战》的续作，游戏里的两只可爱的松鼠是迪士尼旗下的动画人物，相比较与前作游戏玩法基本不变，画面更加优秀，关卡众多，敌人也变得更加有挑战。"
    },
    {
      "isExternal": false,
      "isEightDir": true,
      "name": "chiseyaosai",
      "imagePath": "chiseyaosai/chiseyaosai.jpg",
      "nesFilePath": "chiseyaosai/chiseyaosai.nes",
      "title": "赤色要塞",
      "desc": "《赤色要塞（Jackal）》是由日本KONAMI公司研发的一款动作射击游戏，于1988年9月在中国大陆发售。赤色要塞与魂斗罗、绿色兵团、沙罗曼蛇并誉为“四强”，风靡整个八十年代。当初名为“Jackal”（豺狼部队）的游戏被翻译成“赤色要塞”，是因为同年发售的日本任天堂磁碟机版的名字是“FINALCOMMAND:赤い要塞”。于是，“赤色要塞”这个我们耳熟能详的名字就这样被保留下来了，并传入了国内，成为了许许多多人童年时难忘的一段记忆。当初名为“Jackal”（豺狼部队）的游戏被翻译成“赤色要塞”，是因为同年发售的日本任天堂磁碟机版的名字是“FINALCOMMAND:赤い要塞”。于是，“赤色要塞”这个我们耳熟能详的名字就这样被保留下来了，并传入了国内，成为了许许多多人童年时难忘的一段记忆。"
    },
    {
      "isExternal": false,
      "isEightDir": true,
      "name": "streetfighter3",
      "imagePath": "streetfighter3/streetfighter3.jpg",
      "nesFilePath": "streetfighter3/streetfighter3.nes",
      "title": "九人街霸",
      "desc": "《九人街霸》(Street Fighter Ⅲ)是FC平台上最古老的街霸游戏之一，在1994年由国人自行开发，只能选择9个人，所以也被叫做9人街霸，因为儿时的手柄的关系，其实当时想在FC上发出些帅气的招数是很难的。\n这个游戏我认为是FC上最好玩的格斗~!虽然角色之间存在着一些不平衡，但是能在FC的主机上达到这个效果，已经很不错了，是所有版本中最优秀的。"
    },
    {
      "isExternal": false,
      "isEightDir": true,
      "name": "dragonballz2",
      "imagePath": "dragonballz2/dragonballz2.jpg",
      "nesFilePath": "dragonballz2/dragonballz2.nes",
      "title": "龙珠Z超武斗传2",
      "desc": "FC游戏龙珠Z超武斗传2"
    },
    {
      "isExternal": false,
      "isEightDir": true,
      "name": "renzheshenguigedou",
      "imagePath": "renzheshenguigedou/renzheshenguigedou.jpg",
      "nesFilePath": "renzheshenguigedou/renzheshenguigedou.nes",
      "title": "忍者神龟格斗",
      "desc": "忍者神龟格斗"
    },
    {
      "isExternal": false,
      "isEightDir": true,
      "name": "yiearkungfu",
      "imagePath": "yiearkungfu/yiearkungfu.jpg",
      "nesFilePath": "yiearkungfu/yiearkungfu.nes",
      "title": "功夫小子",
      "desc": "功夫小子"
    },
    {
      "isExternal": false,
      "isEightDir": true,
      "name": "twinbee3",
      "imagePath": "twinbee3/twinbee3.jpg",
      "nesFilePath": "twinbee3/twinbee3.nes",
      "title": "兵蜂3",
      "desc": "《兵蜂3》是一款经典的飞行射击fc游戏。兵蜂3是兵蜂系列在FC上的第3代，这个一代回归了第一代的那种竖版过关模式，整体的感觉也是第一代的延续，不过难度上比起第一代还是要有挑战一点，并且3代中铃铛的效果也变多了，玩家们可以在游戏中亲自体验一下。这个兵蜂的第3代相比前两代，提升还是蛮明显的，不仅画面上有了比较大的改编，游戏玩法以及内容也增加了不少，而且作为兵蜂核心的打铃铛模式也还原了一代的那种样子，并且加入了更多的效果，比如加速、子弹、无敌、生命等等，而且难度也有所上升，小编测试的时候可是连第一关都没过……喜欢兵蜂这个系类的玩家推荐玩玩这个第三代，还是蛮值得一玩的。"
    },
    {
      "isExternal": false,
      "isEightDir": true,
      "name": "lifeforce",
      "imagePath": "lifeforce/lifeforce.jpg",
      "nesFilePath": "lifeforce/lifeforce.nes",
      "title": "沙罗曼蛇",
      "desc": "宇宙天魔(LifeForce)即沙罗曼蛇美版，是FC早期飞行类游戏中的经典之作。游戏中玩家控制一架飞机与敌人战斗，通过得取能量箱可改变自己的武器。敌人依关卡提升而变得越发强悍，最后一关是一只守卫敌人核心系统的龙形怪物，击败它并摧毁敌人的核心系统后，飞行速度会陡然提升以逃出即将爆炸的星球，途中会遇到大量自动伸展的防御系统拦截，令人眼花缭乱，躲过这一劫，游戏即通关。"
    },
    {
      "isExternal": false,
      "isEightDir": true,
      "name": "liehuo92",
      "imagePath": "liehuo92/liehuo92.jpg",
      "nesFilePath": "liehuo92/liehuo92.nes",
      "title": "烈火92",
      "desc": "FC游戏烈火'92(汉化版)"
    },
    {
      "isExternal": false,
      "isEightDir": false,
      "name": "bubble_bobble2",
      "imagePath": "bubble_bobble2/bubble_bobble2.jpg",
      "nesFilePath": "bubble_bobble2/bubble_bobble2.nes",
      "title": "泡泡龙2",
      "desc": "FC游戏泡泡龙的续作，是任天堂平台上一款经典的小游戏，玩家操作可爱的泡泡龙干掉呆呆的敌人。"
    },
    {
      "isExternal": false,
      "isEightDir": true,
      "name": "lubangsanshi",
      "imagePath": "lubangsanshi/lubangsanshi.jpg",
      "nesFilePath": "lubangsanshi/lubangsanshi.nes",
      "title": "鲁邦三世",
      "desc": "鲁邦三世"
    },
    {
      "isExternal": false,
      "isEightDir": true,
      "name": "ciweisuonike",
      "imagePath": "ciweisuonike/ciweisuonike.jpg",
      "nesFilePath": "ciweisuonike/ciweisuonike.nes",
      "title": "刺猬索尼克",
      "desc": "刺猬索尼克"
    },
    {
      "isExternal": false,
      "isEightDir": true,
      "name": "luokeren6",
      "imagePath": "luokeren6/luokeren6.jpg",
      "nesFilePath": "luokeren6/luokeren6.nes",
      "title": "洛克人6",
      "desc": "洛克人6"
    },
    {
      "isExternal": false,
      "isEightDir": true,
      "name": "superarbbianj",
      "imagePath": "superarbbianj/superarbbianj.jpg",
      "nesFilePath": "superarbbianj/superarbbianj.nes",
      "title": "辛巴达大冒险",
      "desc": "辛巴达和叙拉的王子普罗士从小就是好朋友，长大后两人各奔前程，辛巴达终于实现自己的愿望成为了一名海盗。"
    },
    {
      "isExternal": false,
      "isEightDir": true,
      "name": "demonsword",
      "imagePath": "demonsword/demonsword.jpg",
      "nesFilePath": "demonsword/demonsword.nes",
      "title": "恶魔之剑",
      "desc": "国人汉化的FC游戏恶魔之剑汉化版(不动明王传)。一个忍者游戏，主角拿一把剑，可以发飞镖，敌人都是些忍者，感觉跟影子传说有点类似。"
    },
    {
      "isExternal": false,
      "isEightDir": true,
      "name": "tangmuhejierui",
      "imagePath": "tangmuhejierui/tangmuhejierui.jpg",
      "nesFilePath": "tangmuhejierui/tangmuhejierui.nes",
      "title": "汤姆和杰瑞",
      "desc": "游戏者要控制小老鼠杰瑞，运用机智及借助同伴的帮助与汤姆猫作战的动作游戏。由地下室开始游戏，全部共有15个场地。"
    },
    {
      "isExternal": false,
      "isEightDir": false,
      "name": "chacknpop",
      "imagePath": "chacknpop/chacknpop.jpg",
      "nesFilePath": "chacknpop/chacknpop.nes",
      "title": "小鸡救心",
      "desc": "Chack'n Pop 中文名叫小鸡救心（拯救爱心），是TAITO于1983年出品的游戏。该游戏的玩法很简单，拯救被关押的红心，并成功逃脱。游戏人物可以使用炸弹，但是这个炸弹是敌我不分的，扔了后如果不及时躲避的话是会炸死的。"
    },
    {
      "isExternal": false,
      "isEightDir": true,
      "name": "liliangdaofeng2",
      "imagePath": "liliangdaofeng2/liliangdaofeng2.jpg",
      "nesFilePath": "liliangdaofeng2/liliangdaofeng2.nes",
      "title": "力量刀锋2",
      "desc": "力量刀锋2"
    },
    {
      "isExternal": false,
      "isEightDir": false,
      "name": "wackyraces",
      "imagePath": "wackyraces/wackyraces.jpg",
      "nesFilePath": "wackyraces/wackyraces.nes",
      "title": "顽皮狗",
      "desc": "顽皮狗是一款好玩的FC动作冒险游戏。"
    },
    {
      "isExternal": false,
      "isEightDir": false,
      "name": "caiqiqiu",
      "imagePath": "caiqiqiu/caiqiqiu.jpg",
      "nesFilePath": "caiqiqiu/caiqiqiu.nes",
      "title": "气球战士",
      "desc": "由街机移植的著名动作游戏。玩者所控制的角色要击破敌人的气球获得胜利。"
    },
    {
      "isExternal": false,
      "isEightDir": true,
      "name": "chidouren",
      "imagePath": "chidouren/chidouren.jpg",
      "nesFilePath": "chidouren/chidouren.nes",
      "title": "吃豆人",
      "desc": "《吃豆人》（Pac-Man）是一部由同名街机游戏移植至Atari 2600平台的游戏，最早由南梦宫公司于1980年在街机上推出，后由雅达利公司于1982年3月中旬发售Atari 2600版。Pac-Man最早的艺名叫Pakkuman，源于“パクパク食べる”的发音paku-paku taberu，paku-paku表示嘴巴一张一合的动作和声音，形象描绘了“我吃，故我在”的生活态度。"
    },
    {
      "isExternal": false,
      "isEightDir": false,
      "name": "little_mermaid",
      "imagePath": "little_mermaid/little_mermaid.jpg",
      "nesFilePath": "little_mermaid/little_mermaid.nes",
      "title": "小美人鱼",
      "desc": ""
    },
    {
      "isExternal": false,
      "isEightDir": false,
      "name": "dalishuishou",
      "imagePath": "dalishuishou/dalishuishou.jpg",
      "nesFilePath": "dalishuishou/dalishuishou.nes",
      "title": "大力水手",
      "desc": "FC大力水手是一款经典的搞笑动作游戏，移植自街机版大力水手，题材来自于美国漫画大力水手Popeye，和漫画一样，各关卡有菠菜存在，主角吃到后音乐发生变化，身体变红威力提升，进入了无敌状态，Bluto急忙躲避，一旦被主角撞上，直接崩飞，像皮球一样在场景里飞来弹去直到落海，而且，Olive投下的红心、乐符、文字也会处于停止状态，主角很容易拾到，获双倍分数。"
    },
    {
      "isExternal": false,
      "isEightDir": false,
      "name": "mappyj",
      "imagePath": "mappyj/mappyj.jpg",
      "nesFilePath": "mappyj/mappyj.nes",
      "title": "猫捉老鼠",
      "desc": "《快乐猫》（Mappy）又叫猫捉老鼠/猫鼠大战，是一款可玩度很高的FC动作过关游戏，玩家操控一只老鼠利用各种机关消灭小猫并取得宝物以完成通关。这款游戏背景音乐轻松，画面柔和，推荐下载。"
    },
    {
      "isExternal": false,
      "isEightDir": false,
      "name": "qiaobingkuai",
      "imagePath": "qiaobingkuai/qiaobingkuai.jpg",
      "nesFilePath": "qiaobingkuai/qiaobingkuai.nes",
      "title": "敲冰块",
      "desc": "手持大锤攀登冰山，同时将敌人打倒的动作游戏。可二人同时进行，是FC游戏中比较耐玩的一款。"
    },
    {
      "isExternal": false,
      "isEightDir": false,
      "name": "cobra_command",
      "imagePath": "cobra_command/cobra_command.jpg",
      "nesFilePath": "cobra_command/cobra_command.nes",
      "title": "眼镜蛇指挥官",
      "desc": "操作战斗直升机，将版面内的俘虏救出的横卷轴射击游戏。游戏中有许多地道及秘密基地。"
    },
    {
      "isExternal": false,
      "isEightDir": true,
      "name": "citycon",
      "imagePath": "citycon/citycon.jpg",
      "nesFilePath": "citycon/citycon.nes",
      "title": "城市碰碰车",
      "desc": "红车面包车，是不是想起当时80年代很多人，很热衷开着白色面包车、或者各种颜色的面包车呢。\n回归正题--小的正方形是代表油量，也是发射子弹的唯一能源。 当然路途中的警车是比较烦人的，可以用子弹打晕警车。然后碰撞得到相应分数。"
    },
    {
      "isExternal": false,
      "isEightDir": false,
      "name": "qianxiandazuozhan",
      "imagePath": "qianxiandazuozhan/qianxiandazuozhan.jpg",
      "nesFilePath": "qianxiandazuozhan/qianxiandazuozhan.nes",
      "title": "前线大作战",
      "desc": "前线大作战"
    },
    {
      "isExternal": false,
      "isEightDir": false,
      "name": "huojianche",
      "imagePath": "huojianche/huojianche.jpg",
      "nesFilePath": "huojianche/huojianche.nes",
      "title": "火箭车",
      "desc": ""
    },
    {
      "isExternal": false,
      "isEightDir": false,
      "name": "yueyemotuo",
      "imagePath": "yueyemotuo/yueyemotuo.jpg",
      "nesFilePath": "yueyemotuo/yueyemotuo.nes",
      "title": "越野摩托",
      "desc": ""
    },
    {
      "isExternal": false,
      "isEightDir": false,
      "name": "dakongqi",
      "imagePath": "dakongqi/dakongqi.jpg",
      "nesFilePath": "dakongqi/dakongqi.nes",
      "title": "打空气",
      "desc": "Dig Dug中文名叫打空气或叮当，是一款FC上的益智休闲游戏，玩家用气筒把敌人充气引爆，还可利用场景中的山石压死敌人，是一款可玩性很高的游戏。"
    },
    {
      "isExternal": false,
      "isEightDir": false,
      "name": "caihongdao",
      "imagePath": "caihongdao/caihongdao.jpg",
      "nesFilePath": "caihongdao/caihongdao.nes",
      "title": "彩虹岛",
      "desc": ""
    },
    {
      "isExternal": false,
      "isEightDir": false,
      "name": "keroppi",
      "imagePath": "keroppi/keroppi.jpg",
      "nesFilePath": "keroppi/keroppi.nes",
      "title": "青蛙大冒险",
      "desc": "《青蛙大冒险》是一款非常有意思的FC休闲闯关游戏，游戏中玩家将控制一直请外展开神奇的冒险，游戏的玩法非常简单。"
    },
    {
      "isExternal": false,
      "isEightDir": false,
      "name": "parasol_henbeej",
      "imagePath": "parasol_henbeej/parasol_henbeej.jpg",
      "nesFilePath": "parasol_henbeej/parasol_henbeej.nes",
      "title": "彩虹小子",
      "desc": "彩虹小子（Parasol Henbee）咋一看还以为是横版的彩虹岛，其实大大的不同。别看人物就一把小洋伞却能做出各种各样的动作，感叹厂商的想象力丰富呀，游戏风格轻松搞笑，强烈推荐！"
    }
  ]
}