[{"__type__":"cc.SpriteFrame","content":{"name":"pay-title","texture":"6ce80e53-b097-449b-a246-c94426b32f26","rect":[309,142,499,129],"offset":[-2,2],"originalSize":[505,135]}},{"__type__":"cc.SpriteFrame","content":{"name":"pay-outBg","texture":"6ce80e53-b097-449b-a246-c94426b32f26","rect":[321,835,210,208],"offset":[0,-1],"originalSize":[210,210],"capInsets":[85,70,60,60]}},{"__type__":"cc.SpriteFrame","content":{"name":"pay-buyBtn","texture":"6ce80e53-b097-449b-a246-c94426b32f26","rect":[759,852,160,100],"offset":[0,0],"originalSize":[160,100],"rotated":1}},{"__type__":"cc.SpriteFrame","content":{"name":"pay-left","texture":"6ce80e53-b097-449b-a246-c94426b32f26","rect":[554,1173,64,56],"offset":[-1,0],"originalSize":[76,88]}},{"__type__":"cc.SpriteFrame","content":{"name":"pay-right","texture":"6ce80e53-b097-449b-a246-c94426b32f26","rect":[822,2,76,88],"offset":[0,0],"originalSize":[76,88]}},{"__type__":"cc.SpriteFrame","content":{"name":"default_scrollbar_vertical","texture":"d6d3ca85-4681-47c1-b5dd-d036a9d39ea2","rect":[2,0,11,30],"offset":[0,0],"originalSize":[15,30],"capInsets":[0,5,0,5]}},{"__type__":"cc.SpriteFrame","content":{"name":"default_scrollbar_vertical_bg","texture":"617323dd-11f4-4dd3-8eec-0caf6b3b45b9","rect":[0,0,15,30],"offset":[0,0],"originalSize":[15,30],"capInsets":[0,7,0,8]}},{"__type__":"cc.SpriteFrame","content":{"name":"pay-zhanshi","texture":"6ce80e53-b097-449b-a246-c94426b32f26","rect":[299,1211,39,35],"offset":[0,0],"originalSize":[39,35]}},[{"__type__":"cc.Prefab","_name":"portraitPrefab","data":{"__id__":1},"asyncLoadAssets":false},{"__type__":"cc.Node","_name":"payLayer","_children":[{"__id__":2},{"__id__":3},{"__id__":4},{"__id__":5},{"__id__":6},{"__id__":7},{"__id__":24},{"__id__":32},{"__id__":28}],"_components":[{"__type__":"cc.Widget","node":{"__id__":1},"_alignFlags":45,"_originalWidth":640,"_originalHeight":1136},{"__type__":"cc.Button","node":{"__id__":1},"_N$target":{"__id__":1}},{"__type__":"c1c1fEDb+NBmqg/QXQLjrZ8","node":{"__id__":1},"goodItemNode":{"__id__":15},"content":{"__id__":13},"spriteAtlas":{"__uuid__":"a85e1709-1dfb-43aa-8e71-12ebd2809e0f"},"refreshBtn":{"__id__":27}}],"_prefab":{"__type__":"cc.PrefabInfo","root":{"__id__":1},"fileId":"930a4J/H1dM/67nKTqkE2U8"},"_contentSize":{"__type__":"cc.Size","width":640,"height":1136},"_position":{"__type__":"cc.Vec2","x":320,"y":568}},{"__type__":"cc.Node","_name":"bg","_parent":{"__id__":1},"_components":[{"__type__":"cc.Sprite","node":{"__id__":2},"_spriteFrame":{"__uuid__":"a23235d1-15db-4b95-8439-a2e005bfff91"},"_sizeMode":0},{"__type__":"cc.Widget","node":{"__id__":2},"_alignFlags":45,"_originalWidth":640,"_originalHeight":1136}],"_prefab":{"__type__":"cc.PrefabInfo","root":{"__id__":1},"fileId":"3c502MGOuFORJhdBQQ2d257"},"_opacity":156,"_color":{"__type__":"cc.Color"},"_contentSize":{"__type__":"cc.Size","width":640,"height":1136}},{"__type__":"cc.Node","_name":"outBG","_parent":{"__id__":1},"_components":[{"__type__":"cc.Sprite","node":{"__id__":3},"_spriteFrame":{"__uuid__":"2df8e5ae-b703-4e4f-b218-8c7d8f8becce"},"_type":1,"_sizeMode":0}],"_prefab":{"__type__":"cc.PrefabInfo","root":{"__id__":1},"fileId":"7cc1a3IpB5KCIE0Dj3TejCQ"},"_contentSize":{"__type__":"cc.Size","width":585,"height":1001},"_position":{"__type__":"cc.Vec2","y":-15}},{"__type__":"cc.Node","_name":"shop-left","_parent":{"__id__":1},"_components":[{"__type__":"cc.Sprite","node":{"__id__":4},"_spriteFrame":{"__uuid__":"3c0d9340-21a4-4a55-ad3a-93a9a86d39b8"}}],"_prefab":{"__type__":"cc.PrefabInfo","root":{"__id__":1},"fileId":"6cfefRlC9xDwarnvqggIHVg"},"_contentSize":{"__type__":"cc.Size","width":64,"height":56},"_position":{"__type__":"cc.Vec2","x":-221,"y":-429}},{"__type__":"cc.Node","_name":"shop-right","_parent":{"__id__":1},"_components":[{"__type__":"cc.Sprite","node":{"__id__":5},"_spriteFrame":{"__uuid__":"4ddc2e0e-4099-46c6-a340-8223ca161d42"}}],"_prefab":{"__type__":"cc.PrefabInfo","root":{"__id__":1},"fileId":"4e991fXyG9PyJ+tDnx2XuCL"},"_contentSize":{"__type__":"cc.Size","width":76,"height":88},"_position":{"__type__":"cc.Vec2","x":216,"y":-412}},{"__type__":"cc.Node","_name":"shop-title","_parent":{"__id__":1},"_components":[{"__type__":"cc.Sprite","node":{"__id__":6},"_spriteFrame":{"__uuid__":"1cb4d934-92b2-4827-84fb-05069d21b473"}}],"_prefab":{"__type__":"cc.PrefabInfo","root":{"__id__":1},"fileId":"59972o6qnNCzrPnurAWf8OB"},"_contentSize":{"__type__":"cc.Size","width":499,"height":129},"_position":{"__type__":"cc.Vec2","x":-1,"y":476}},{"__type__":"cc.Node","_name":"goodView","_parent":{"__id__":1},"_children":[{"__id__":8},{"__id__":14}],"_components":[{"__id__":12},{"__type__":"cc.Sprite","node":{"__id__":7},"_spriteFrame":{"__uuid__":"943af156-a105-46f7-bd76-fb3a24c7cdb3"},"_type":1,"_sizeMode":0}],"_prefab":{"__type__":"cc.PrefabInfo","root":{"__id__":1},"fileId":"862afISz3xAFLTyrbaTwiRE"},"_contentSize":{"__type__":"cc.Size","width":518,"height":661},"_position":{"__type__":"cc.Vec2","y":-13}},{"__type__":"cc.Node","_name":"scrollBar","_parent":{"__id__":7},"_children":[{"__id__":9}],"_components":[{"__id__":11},{"__type__":"cc.Widget","node":{"__id__":8},"_alignFlags":37,"_left":350.07654921020657,"_right":20,"_top":25,"_bottom":25,"_originalHeight":237},{"__type__":"cc.Sprite","node":{"__id__":8},"_spriteFrame":{"__uuid__":"5fe5dcaa-b513-4dc5-a166-573627b3a159"},"_type":1,"_sizeMode":0}],"_prefab":{"__type__":"cc.PrefabInfo","root":{"__id__":1},"fileId":"bba6ezADCxBVqweoFhOVKG2"},"_color":{"__type__":"cc.Color","r":238,"g":217,"b":227},"_anchorPoint":{"__type__":"cc.Vec2","x":1,"y":0.5},"_contentSize":{"__type__":"cc.Size","width":12,"height":611},"_position":{"__type__":"cc.Vec2","x":239}},{"__type__":"cc.Node","_name":"bar","_parent":{"__id__":8},"_components":[{"__id__":10}],"_prefab":{"__type__":"cc.PrefabInfo","root":{"__id__":1},"fileId":"fcba9WN9s9AfY7eMUcWavbx"},"_color":{"__type__":"cc.Color","r":236,"g":241,"b":245},"_anchorPoint":{"__type__":"cc.Vec2","x":1},"_contentSize":{"__type__":"cc.Size","width":10,"height":30},"_position":{"__type__":"cc.Vec2","x":-1}},{"__type__":"cc.Sprite","node":{"__id__":9},"_spriteFrame":{"__uuid__":"5c3bb932-6c3c-468f-88a9-c8c61d458641"},"_type":1,"_sizeMode":0},{"__type__":"cc.Scrollbar","node":{"__id__":8},"_scrollView":{"__id__":12},"_N$handle":{"__id__":10},"_N$direction":1},{"__type__":"cc.ScrollView","node":{"__id__":7},"content":{"__id__":13},"horizontal":false,"brake":0.75,"bounceDuration":0.23,"_N$horizontalScrollBar":null,"_N$verticalScrollBar":{"__id__":11}},{"__type__":"cc.Node","_name":"content","_parent":{"__id__":14},"_children":[{"__id__":15}],"_components":[{"__type__":"cc.Layout","node":{"__id__":13},"_layoutSize":{"__type__":"cc.Size","width":450,"height":190},"_resize":1,"_N$layoutType":2,"_N$paddingTop":20,"_N$paddingBottom":20,"_N$spacingY":10}],"_prefab":{"__type__":"cc.PrefabInfo","root":{"__id__":1},"fileId":"8fa161U4bpHvoL1HrcGyKaf"},"_anchorPoint":{"__type__":"cc.Vec2","x":0.5,"y":1},"_contentSize":{"__type__":"cc.Size","width":450,"height":190}},{"__type__":"cc.Node","_name":"view","_parent":{"__id__":7},"_children":[{"__id__":13}],"_components":[{"__type__":"cc.Mask","node":{"__id__":14}}],"_prefab":{"__type__":"cc.PrefabInfo","root":{"__id__":1},"fileId":"515984VHNpA35CJd8/KOO3m"},"_contentSize":{"__type__":"cc.Size","width":466,"height":614},"_position":{"__type__":"cc.Vec2","x":-6,"y":-4}},{"__type__":"cc.Node","_name":"goodItem","_parent":{"__id__":13},"_children":[{"__id__":16},{"__id__":17},{"__id__":18},{"__id__":20},{"__id__":21},{"__id__":22},{"__id__":23}],"_prefab":{"__type__":"cc.PrefabInfo","root":{"__id__":1},"fileId":"aa028M0NG9P2KBetSQy38ZS"},"_contentSize":{"__type__":"cc.Size","width":500,"height":150},"_scaleX":0.9,"_scaleY":0.85,"_position":{"__type__":"cc.Vec2","y":-95}},{"__type__":"cc.Node","_name":"selectBG","_parent":{"__id__":15},"_components":[{"__type__":"cc.Sprite","node":{"__id__":16},"_spriteFrame":{"__uuid__":"dcddd012-0d6e-419a-8cb8-74d8993c6552"},"_type":1,"_sizeMode":0}],"_prefab":{"__type__":"cc.PrefabInfo","root":{"__id__":1},"fileId":"e89fcKmJKFM3YhYd0+Cn4sx"},"_contentSize":{"__type__":"cc.Size","width":500,"height":150}},{"__type__":"cc.Node","_name":"shop-diamond","_parent":{"__id__":15},"_components":[{"__type__":"cc.Sprite","node":{"__id__":17},"_spriteFrame":{"__uuid__":"f1e19e53-2fce-48b3-b449-0701ecc81fba"}}],"_prefab":{"__type__":"cc.PrefabInfo","root":{"__id__":1},"fileId":"907c7xI4WZFgp/UMf2eL1rw"},"_contentSize":{"__type__":"cc.Size","width":92,"height":94},"_position":{"__type__":"cc.Vec2","x":-192.7}},{"__type__":"cc.Node","_name":"shop-buyBtn","_parent":{"__id__":15},"_children":[{"__id__":19}],"_components":[{"__type__":"cc.Sprite","node":{"__id__":18},"_spriteFrame":{"__uuid__":"363fca96-7563-481e-9c59-145df11c4866"}},{"__type__":"cc.Button","node":{"__id__":18},"transition":3,"zoomScale":1.1,"_N$target":{"__id__":18}},{"__type__":"6348cNuyyFFV5mH16rjZSR0","node":{"__id__":18},"selectedHandler":{"__type__":"cc.ClickEvent","target":{"__id__":1},"component":"PayLayer","handler":"onGoodItemSelectedTV"},"fingerScale":0.5}],"_prefab":{"__type__":"cc.PrefabInfo","root":{"__id__":1},"fileId":"f4273fleItHTZyNm+E8YemR"},"_contentSize":{"__type__":"cc.Size","width":160,"height":100},"_position":{"__type__":"cc.Vec2","x":162}},{"__type__":"cc.Node","_name":"money","_parent":{"__id__":18},"_components":[{"__type__":"cc.Label","node":{"__id__":19},"_useOriginalSize":false,"_actualFontSize":30,"_fontSize":30,"_N$file":{"__uuid__":"3dc68613-ec37-402c-9bcc-94844d253209"},"_isSystemFontUsed":false,"_N$string":"￥30.00","_N$horizontalAlign":1,"_N$verticalAlign":1}],"_prefab":{"__type__":"cc.PrefabInfo","root":{"__id__":1},"fileId":"1e642m08ctHh6uHLrdsoOS2"},"_color":{"__type__":"cc.Color","r":14,"g":146,"b":9},"_contentSize":{"__type__":"cc.Size","width":106.41,"height":40},"_position":{"__type__":"cc.Vec2","x":-2,"y":-24}},{"__type__":"cc.Node","_name":"diamond","_parent":{"__id__":15},"_components":[{"__type__":"cc.Label","node":{"__id__":20},"_useOriginalSize":false,"_actualFontSize":35,"_fontSize":35,"_N$file":{"__uuid__":"3dc68613-ec37-402c-9bcc-94844d253209"},"_isSystemFontUsed":false,"_N$string":"5000","_N$verticalAlign":1}],"_prefab":{"__type__":"cc.PrefabInfo","root":{"__id__":1},"fileId":"66a3e4BZo5NO7cq3VPZsSVd"},"_color":{"__type__":"cc.Color","r":187,"g":91,"b":40},"_contentSize":{"__type__":"cc.Size","width":79.84,"height":40},"_position":{"__type__":"cc.Vec2","x":-100.5,"y":-25}},{"__type__":"cc.Node","_name":"give","_parent":{"__id__":15},"_components":[{"__type__":"cc.Label","node":{"__id__":21},"_useOriginalSize":false,"_lineHeight":45,"_N$file":{"__uuid__":"3dc68613-ec37-402c-9bcc-94844d253209"},"_isSystemFontUsed":false,"_N$string":"送","_N$horizontalAlign":1,"_N$verticalAlign":1}],"_prefab":{"__type__":"cc.PrefabInfo","root":{"__id__":1},"fileId":"4993aLb8q1HFIM9blK5md+p"},"_color":{"__type__":"cc.Color","r":230,"g":46,"b":61},"_contentSize":{"__type__":"cc.Size","width":40,"height":45},"_position":{"__type__":"cc.Vec2","x":-30.1,"y":-25}},{"__type__":"cc.Node","_name":"giveDiamond","_parent":{"__id__":15},"_components":[{"__type__":"cc.Label","node":{"__id__":22},"_useOriginalSize":false,"_actualFontSize":30,"_fontSize":30,"_N$file":{"__uuid__":"3dc68613-ec37-402c-9bcc-94844d253209"},"_isSystemFontUsed":false,"_N$string":"2500"}],"_prefab":{"__type__":"cc.PrefabInfo","root":{"__id__":1},"fileId":"9886cwjlp5Aq72RkbaiSKtd"},"_color":{"__type__":"cc.Color","r":187,"g":91,"b":40},"_anchorPoint":{"__type__":"cc.Vec2","y":0.5},"_contentSize":{"__type__":"cc.Size","width":68.44,"height":40},"_position":{"__type__":"cc.Vec2","x":3.6,"y":-27.8}},{"__type__":"cc.Node","_name":"desc","_parent":{"__id__":15},"_components":[{"__type__":"cc.Label","node":{"__id__":23},"_useOriginalSize":false,"_N$file":{"__uuid__":"3dc68613-ec37-402c-9bcc-94844d253209"},"_isSystemFontUsed":false,"_N$string":"一些","_N$verticalAlign":1}],"_prefab":{"__type__":"cc.PrefabInfo","root":{"__id__":1},"fileId":"0e043PCexxCwaZyv2QeTJjL"},"_color":{"__type__":"cc.Color","r":40,"g":169,"b":187},"_anchorPoint":{"__type__":"cc.Vec2","y":0.5},"_contentSize":{"__type__":"cc.Size","width":80,"height":40},"_position":{"__type__":"cc.Vec2","x":-129,"y":33}},{"__type__":"cc.Node","_name":"shop-closeBtn","_parent":{"__id__":1},"_components":[{"__type__":"cc.Sprite","node":{"__id__":24},"_spriteFrame":{"__uuid__":"ea4ff0e7-bdf8-4a36-89b7-cbe3cc633af1"}},{"__type__":"cc.Button","node":{"__id__":24},"transition":3,"clickEvents":[{"__type__":"cc.ClickEvent","target":{"__id__":1},"component":"PayLayer","handler":"doClose"}],"_N$target":{"__id__":24}},{"__id__":25}],"_prefab":{"__type__":"cc.PrefabInfo","root":{"__id__":1},"fileId":"823deji/QpLoI650SR9MBeB"},"_contentSize":{"__type__":"cc.Size","width":75,"height":77},"_position":{"__type__":"cc.Vec2","x":278,"y":459}},{"__type__":"6348cNuyyFFV5mH16rjZSR0","node":{"__id__":24},"left":{"__id__":26},"up":{"__id__":31},"down":{"__id__":26},"ok":{"__type__":"cc.ClickEvent","target":{"__id__":1},"component":"PayLayer","handler":"doClose"},"fingerScale":0.3},{"__type__":"6348cNuyyFFV5mH16rjZSR0","node":{"__id__":27},"right":{"__id__":25},"up":{"__id__":25},"ok":{"__type__":"cc.ClickEvent","target":{"__id__":1},"component":"PayLayer","handler":"onClickRefreshDiamond"},"fingerScale":0.5},{"__type__":"cc.Node","_name":"diamondRefresh","_parent":{"__id__":28},"_components":[{"__type__":"cc.Sprite","node":{"__id__":27},"_spriteFrame":{"__uuid__":"cc2c067c-8d90-4b6e-9395-b53fbc1fa195"},"_sizeMode":0},{"__type__":"cc.Button","node":{"__id__":27},"transition":3,"zoomScale":1.1,"clickEvents":[{"__type__":"cc.ClickEvent","target":{"__id__":1},"component":"PayLayer","handler":"onClickRefreshDiamond"}],"_N$target":{"__id__":27}},{"__id__":26}],"_prefab":{"__type__":"cc.PrefabInfo","root":{"__id__":1},"fileId":"453d3k2cJVJ5Yv0VT41WpR9"},"_contentSize":{"__type__":"cc.Size","width":60,"height":60},"_position":{"__type__":"cc.Vec2","x":101.1}},{"__type__":"cc.Node","_name":"diamondNode","_parent":{"__id__":1},"_children":[{"__id__":29},{"__id__":30},{"__id__":27}],"_components":[{"__type__":"cc.Sprite","node":{"__id__":28},"_spriteFrame":{"__uuid__":"bf21d528-1d86-4d61-a4c5-9cd1d9edd0c4"},"_type":1,"_sizeMode":0}],"_prefab":{"__type__":"cc.PrefabInfo","root":{"__id__":1},"fileId":"ca7aclF63BKbrKiyucIif4d"},"_color":{"__type__":"cc.Color","r":158,"g":206,"b":97},"_contentSize":{"__type__":"cc.Size","width":300,"height":80},"_position":{"__type__":"cc.Vec2","x":-1,"y":369}},{"__type__":"cc.Node","_name":"diamondFlag","_parent":{"__id__":28},"_components":[{"__type__":"cc.Sprite","node":{"__id__":29},"_spriteFrame":{"__uuid__":"77253d9d-9a8c-48db-9254-d04c752ddf46"}},{"__type__":"cc.Button","node":{"__id__":29},"transition":3,"zoomScale":1.1,"_N$target":{"__id__":29}}],"_prefab":{"__type__":"cc.PrefabInfo","root":{"__id__":1},"fileId":"05c53/F4mpOYpIzqvU85k95"},"_contentSize":{"__type__":"cc.Size","width":39,"height":35},"_position":{"__type__":"cc.Vec2","x":-103.4}},{"__type__":"cc.Node","_name":"diamondNum","_parent":{"__id__":28},"_components":[{"__type__":"cc.Label","node":{"__id__":30},"_useOriginalSize":false,"_isSystemFontUsed":false,"_N$string":"10个","_N$verticalAlign":1}],"_prefab":{"__type__":"cc.PrefabInfo","root":{"__id__":1},"fileId":"b8525QdnE1Lirh1P6J3rP9J"},"_color":{"__type__":"cc.Color","r":255,"b":245},"_contentSize":{"__type__":"cc.Size","width":84.49,"height":40},"_position":{"__type__":"cc.Vec2","x":1.5}},{"__type__":"6348cNuyyFFV5mH16rjZSR0","node":{"__id__":32},"down":{"__id__":25},"ok":{"__type__":"cc.ClickEvent","target":{"__id__":1},"component":"PayLayer","handler":"freeGetDiamond"},"fingerScale":0.5},{"__type__":"cc.Node","_name":"freeGet","_parent":{"__id__":1},"_components":[{"__type__":"cc.Sprite","node":{"__id__":32},"_spriteFrame":{"__uuid__":"be7f210c-f133-4ce2-8f74-827ac903684f"}},{"__type__":"cc.Button","node":{"__id__":32},"transition":3,"clickEvents":[{"__type__":"cc.ClickEvent","target":{"__id__":1},"component":"PayLayer","handler":"freeGetDiamond"}],"_N$target":{"__id__":32}},{"__id__":31}],"_prefab":{"__type__":"cc.PrefabInfo","root":{"__id__":1},"fileId":"20a5b7ZoNlJ271YON+n4MBw"},"_contentSize":{"__type__":"cc.Size","width":404,"height":130},"_scaleX":0.8,"_scaleY":0.8,"_position":{"__type__":"cc.Vec2","x":2,"y":-419}}],{"__type__":"cc.SpriteFrame","content":{"name":"pay-inBG","texture":"6ce80e53-b097-449b-a246-c94426b32f26","rect":[682,640,210,210],"offset":[0,0],"originalSize":[210,210],"capInsets":[59,85,70,74]}},{"__type__":"cc.SpriteFrame","content":{"name":"default_sprite_splash","texture":"0275e94c-56a7-410f-bd1a-fc7483f7d14a","rect":[0,0,2,2],"offset":[0,0],"originalSize":[2,2]}},{"__type__":"cc.SpriteFrame","content":{"name":"pay-freeGet","texture":"6ce80e53-b097-449b-a246-c94426b32f26","rect":[309,273,404,130],"offset":[-4,2],"originalSize":[416,138]}},{"__type__":"cc.SpriteFrame","content":{"name":"pay-bar","texture":"6ce80e53-b097-449b-a246-c94426b32f26","rect":[2,1181,64,64],"offset":[0,0],"originalSize":[64,64],"capInsets":[26,30,26,27]}},{"__type__":"cc.SpriteFrame","content":{"name":"pay-refresh","texture":"6ce80e53-b097-449b-a246-c94426b32f26","rect":[810,171,75,77],"offset":[-1,0],"originalSize":[77,77]}},{"__type__":"cc.SpriteFrame","content":{"name":"pay-selectBg","texture":"6ce80e53-b097-449b-a246-c94426b32f26","rect":[309,2,511,138],"offset":[0,0],"originalSize":[511,138],"capInsets":[197,51,159,53]}},{"__type__":"cc.SpriteFrame","content":{"name":"pay-closeBtn","texture":"6ce80e53-b097-449b-a246-c94426b32f26","rect":[822,92,75,77],"offset":[-1,0],"originalSize":[77,77]}},{"__type__":"cc.SpriteFrame","content":{"name":"pay-diamond1","texture":"6ce80e53-b097-449b-a246-c94426b32f26","rect":[684,1043,92,94],"offset":[0,0],"originalSize":[92,94]}}]